"Data","UserId","ServerId","Date","Direction"
"\x00000000000000000000000000000000000000000000000000000000000000000000000000000000000000000000000000000000000000000000000000000000000000000000000000000000000000000000000000000000000000000000000000000000000000000000000000000000000000000000000000000000000000000000000000000000000000000000000000000000000000000000000000000000000000000000000000000000000000000000000000000000000000000000000000000000000000000000000000000000000000000000000000000000000000000000000000000000000000000000000000000000000000000000000000000000000000000000000000000000000000000000000000000000000000000000000000000000000000000000000000000000000000000000000000000000000000000000000000000000000000000000000000000000000000000000000000000000000000000000000000000000000000000000000000000000000000000000000000000000000000000000000000000000000000000000000000000000000000000000000000000000000000000000000000000000000000000000000000000000000000000000000000000000000000000000000000000000000000000000000000000000000000000000000000000000000000000000000000000000000000000000000000000000000000000000000000000000000000000000000000000000000000000000000000000000000000000000000000000000000000000000000000000000000000000000000000000000000000000000000000000000000000000000000000000000000000000000000000000000000000000000000000000000000000000000000000000000000000000000000000000000000000000000000000000000000000000000000000000000000000000000000000000000000000000000000000000000000000000000000000000000000000000000000000000000000000000000000000000000000000",0,0,"2020-01-11 15:39:41.532247+05","0"
"\x485454502f312e3120323030204f4b0d0a5365727665723a206e67696e782f312e31342e310d0a446174653a205361742c203131204a616e20323032302031303a33393a343220474d540d0a436f6e74656e742d547970653a20746578742f68746d6c3b20636861727365743d5554462d380d0a5472616e736665722d456e636f64696e673a206368756e6b65640d0a436f6e6e656374696f6e3a206b6565702d616c6976650d0a566172793a204163636570742d456e636f64696e670d0a5365742d436f6f6b69653a2070686f72756d5f73657373696f6e5f73743d64656c657465643b20657870697265733d5468752c2030312d4a616e2d313937302030303a30303a303120474d543b20706174683d2f0d0a5365742d436f6f6b69653a2070686f72756d5f73657373696f6e5f76353d64656c657465643b20657870697265733d5468752c2030312d4a616e2d313937302030303a30303a303120474d543b20706174683d2f0d0a43616368652d436f6e74726f6c3a206d61782d6167653d302c206e6f2d73746f72652c206e6f2d63616368652c206d7573742d726576616c69646174650d0a457870697265733a205361742c203131204a616e20323032302031303a33393a343120474d540d0a436f6e74656e742d456e636f64696e673a20677a69700d0a0d0a6631650d0a1f8b0800000000000003ed1b5d6f1bc7f15dbf627d4042b2d2f178a42889924841fe48e354fe8044a32d1c43381d97e4d9c73bfa6ea98f7c00b6d3204d1dc448503440d3264d51a07d746cab90ed58ee431f8a02058e4081be0a4984284eadda420bbf14686776efc8a34489b44c1528105896ee767766e77b6776f7c627162b2699a78e6bd8565652e30989504bb70b8655ca4a67f22fc823d2446efcd0d15347f23f3c7d8c94190c3f7de6f0d4f123449215e5fba9238a72347f94fce0c5fc892902f024ef68966b30c0a7998a72eca444a43263d55145595858882fa4e2b65352f2d3ca22e25211d87f945908325e600529d7377e4896c94c7e723a4ff2c74e9c9e9acc030d542b5027ceaa2691e5dc382709b8b0dc6c9b89d44c2623f04b3868d4d49031a7363b7d4622e11740047873e3cc6026cd79bff156eb97ea6f789f9153f28cc168dcadcec59ddab822fac72b946904a793e9c59a319f958ed816a31693f34b552a115dbc652546179922a6d7cb9ae35296adb1224835376e1ad605e250332bb96cc9a46e9952261106f03e98eeba12293bb4d860cc96dd262df0562ddb4ead8203e3d572752231c0412ab4606880557728b524a21cd854b355c7b0586342ff0de683a98d2a0b4f705e9bd744ab445c47ef344d7338ce06c252c45b0335aaaea69568b63952e05574bb52b1adf879370cd514806632ea581aa301ff5ab56a1aba8666a738aedbbf88bae25ace4ad3333324eafdda5bf63eab5f8d7527a122a5055f447c020745abf48604d24fc02eaf7837bc65f8bdeadd787a9a1c0a735137abb6523775fce4f7c8f4b1a9ac34f3e2a9e9fc91337972fcc8a993017aa5a8cd1b60d471f815506d5440fecaa28ced9db59e5394f143678f1c9dcc4f9eed2bd62c1db92506f46a953993ced279cd9c6d8e8f1634a6c5fa5eed9bd71ca2d71cd776489624c608bebb4c7318bcaae2955a05fed2b750364c4aa2fef0718238e226b54aac4c9e7fde07cb9104be20103cc6c8ab7d013a3edcb00a74f154311af1d9890cf8d3c7c6fac444db86bdacec1c681449944f205037a693559c0f7b035a440b72e1503740eed6e65c06ce5412c306101ab00674c2c8e6fcb9480cac029817f0d8b70ddca7077b7c591cca0ac651e6d80e235e877f0d3123b11ce7ebfc9fa29c3b17f22508c97d33768592e3a0781742",0,0,"2020-01-11 15:39:42.771666+05","1"
"\x5dcd61d45d227671b4ef85c913e287c824148c8b5a45fcc4c13b15539b53d0685cc535cc0b4a5f1e7cd926a71dfb3cd559139061b35c15cd3c98f761bc57449c9eb30b30a565da5a212b81ab178c7962c0a3b0f85043cda58e6c5845b05bddd45c58254cbb54a205d9ae81558ebb55cd0a3a16a809f45129e7fd149cebd3fa256f9578f7e1f1f7de75ef2efa9b77bd7ea5fece21100680c1f2a405a0c80fc15ff205ba2497eceefc1228312c11e1bcf701ff6df0ea9571456b8f9973a2150adde17668c97021d0f8e83f00d22f4114b9e9add42f031397e0efa5264bd0760d271e57406e5cc7dc0aec22f1e5d810235f7403e1020336494a04f4e14004601ab83299b31d58a0b312e4123a354d149578b11bcf30d481ffa0472d8830dca239b1a0d68a0df381826075a62eb31d1a8d8d958d027d115618786c0e99c789dc05ad1a8d1865d05d6420023f0a8f4dae52a1564dc1e6d9b98578c9284606d4d8985bb617389ec81f37ffbef975248679865129114bab6058c3f15298095c5776a2e4f8c8825160e5ec60a2ba087989512a33f10c213eeba307e45caec86c0bc3165d709f895f44d0865f6c6ecfef5f363fdf7cbcb5110184ad2c2348079639b51d590e66d895695d831854d09c67623c40d286f9a0abbd00febcf6cdfac32fd71efd7ba70802c00e6268d0df5114cdb9760a03c2720932416996d9d5c6120ba1dad021397b26d138101cdb88059bdb8be46f1b5b6b5b6de481101d6481433acbc19fa04b21940d6475e9d9e280c0d12e14889ef692f8d3e3adcd471b4fd61f3fd858278fb71ead3ddc78f2a08db3f8483a85089f918ef2d965daae8d462f1bf3f499e4e5e368232fbfa7bdbcfef0e85f1b9fef148f0fd3413c01dd1dc52366e9521ab0f431fbd91c88a368230adede5e107fdddcdafce2d1da3f37da180b07eb200b3ea6b32442d3b48ac38792d23054da73a5f169eba20063b45235a144711513c958e0c40454e3aa8ff44a9c30a9a54296026aa48003a951cb6c1b180845c5ea21c49182b981c273093fafd82d29e1e947381f99c398a40303735293ffbd396de61d39ef97de750219d25d48f76e78f7ea6fd4dfdd33276aced642844bd1ba650d7aa5701627bf62db9899166da7c2078a9d0cd91f8fcd20515e1875225a800843af5056b6011bb80357b055ad054518587b01b7008431161174d680b00e797f8d726b54f68410b3cd5641eb0d20317527c88ac6f4f22c9fb101393935d51d58010daf01961a4a7707c6caa80fb77bf67c30be63b3178d58cb063001fbaef10abc25130dc886aaf9164b41164060bc614c509a550cd680f13e860c1cf271efce76e8b91a637e593de7e0efee8c39641739ef5790da5faeff9827facbde3d30e8abde6d515d28686cbb1b76c8825b2c1b0d41d452b9f1b21a908c660cd5a6b4c7ae5959dd7db206529c4aecf81d3b7974d7fd3e5163f88585cef72913cdd20e565da259965db3740ac195b941a95186586594c0b14c5a64a15a2409647f04b5de4fead7c0e7ef7241ad602dc4ca3ba12c7bc1d1aa5949fc0548d01f680fa16e01dcb2b74ce07595178f6f0b54deb240c5839a287a8208a93ed77590e2a9166ee06406528399a1c14648dd49bbb70c587b11e551254e85ef4ac5aba0de06d943cdd08ecfa1b58d2f076d4942136eb3648d240e4c06de6f71cf0ccaf71550c73dac7289b7424063cbe00e37701cd6c1f00435fe873ed83def26745ef76ea14b623d4e5095b81ef0b12b24eabd07e67d0b5a6f82e6dfaebf136bc7959a796ea7ada4127135194f26d4cc005113a3a94c68b1eb955da4beb58b8e323820bbf81d74df87ce95ee2d424dc4132a58443231401299d164aaf7169156bfb5888e3278c15ecc53adb22f4f4e26",0,0,"2020-01-11 15:39:42.813761+05","1"
"\x47d36aeff536f8ad277796012438b8357b0b3c57782cf75df441be0e43d375c846aed4afcae8635dab3731d274cba43a9a4ef75ebdc9a16fd5db5106defba04c0cca9062c1d38a773ba45c4c3461285469620f5b646d03c4fb8083dcc10dfbfa3bcd94b72bcd27d59063a746d16676d4a31dd3cff609672837ae5f0d92cb5c70aed76cf8645bf678bb6d22fa8c89673a8d4a2ba7ba551cb2251427710adb895e0819715645427d1978e5ce29fa77d1193258cd3def68176bf618693df578cab3cd4cf34433373d33d3a2755f783a5404d4693a42b2ddaa3c901c4eec073009906a66bba125d5b62b3f7949b36a9ab34430ce7458fdf7ad2e156b1b3ce9e191f14af3c427b08f90cab8b311efbe38f45add0baa47fa527ba3aff4c8e07ec05203238383dd292b438e52a826e7a8433036606848277aafad41d0d62fc069206e71a95fc6a3475cc020aafd1af5217b1fc91031f020f25e8bee7ca5ed18c413db5b3ceadce47113624d1bfcd0758347ca65dcfcc2a4f80e9e42f648cd83bd517332a5eecf9bd369b52b35275264b256aab90c959c268991d1e450ef959c927227f287e553adbe079e060a93ff276e97ea51980cf2a2a703cb64bad44692bc54339784c3a999d1f40184c7213f85bc0912bfbdcda5fc70b84ab816fc113dd4c2508fb490dad752055572775ac86c5ba7d403897c4955e41590355ce5967f2d8e05f9750857d7e0dd0f4db7f84d85ab2d6a6a6e3842f75dc832b8bbacf23a009c8707c0d536c90884be10f6fa9b3e761ccf217d427a989d247bb4dced6bb11bde5756a2260f44dbc3a0ecf7b066e3c92b64ea2d1afd195f8d56b9f3859359322ac77aa68ce11e799f9ada970a1389eef4912427701f1e83e008661d83e903c811511d3f07f7b80ffef3aeec7dcc03de2d748fb05e7a97f5f548f6c9c1a17d658b43dd65e889f44e5f18eebdf4d312af01eb6ff2b8f416f78a3b22ee847c82eb047bbde501527f0baf7e125c8dc465d07bbc145c81d8781923db3ddc8884a0780d93bdfabbc4bb4378057d2554127f46ea3f0a22a7d0748fb49bee8d7247f6a5dbc1e1ee728b646a5b420fca1ddc91eb6d3f300a9de3166db300c43cf509f3849ae41b019f781ff992f9ffdc065053fe7dc5fbfeeecc5522b822f0eb63efd383091c3d4a5c87d3fbab2386d2dd458ea4babd5c4c1c48e85031767cc82f82730b213c8a7f0a5ab9e3ab81673f1f06b6d66b75f4c8d5d5e17d85f1c460b765c4299dd94d4f575b3d3dd8d5c343e7c3c7be7bfc64f3d8b968db2c74ec1c1c818b66b96ad64afe25e356b277e8d1adda0e330ad08b82d4ed1a0e53f0f690ff69c3f6addef600fe5f2e7ba023a9a6875b766efdadd4fa93f5ad271b0ffc9ddce02d17bac682176af829fb94314f8f234e8b32e2a3474ef7bec6cfaf7f176cbd86a7ebf105078c242a053c474277be4d406ff8e83923a6a15f8810a9bf4ff2ef6ecdce999a75a12980003a6075492b383682960d36c19243f1a13107c0a9ab6b551a6dd0001353c7a14eac3f1a45a2ed62547cfa12cb66a51ac4dea261d182149b90a4d13e69cc95fa45779c1b4ebff49d4683d814e72d3e8ab86e9bb67394565979a26f47d3a8df523516a9c95b62b17e69ac26f56fa7f1ccf4540c181f93fa4f68ac1c7734ab6057a2d8141197bb22be022361ad8c927f6c3e58fb6aede12679b2f1f89b4d787dbcbeb5b1b5fecdfad7e4ab35142579bcfec5e6970fff2304ebdb43c2f7899191609f5f4de7c65f061b90628ac22fd1872ef32be129b1535888f8ddb843d6dcc577fdbb64a469b9cd630890b656331b471038985f1403ca5c61a9fe3982405fb42d26aed2f427811cfc884ad35937982b9a613650074e300fbe883bf2782730071eec80704d72b1465d3c0471e324e047c9890b2ac22f908ac03d76bba5127c58403abb087ecd315bd22e92acf8f3da6be4ecb9b13e7c8e576b6e397a3632eb5236a973438f0c90c89949591d1a1ac924d229598d9c8b6d1bcc1c4dbf701ad89e37e802ef8e065fd04483cf474a1a7e3d12d81bd82508ed98c9efc04423fe172ab131181647aa616c641bdd11dea9b94b960ebdcca9d1b13e68002dc06b94fba63b1a21d9d02ca6adfba74b8ecd6cf00b3241fc8110c65c334246492824f02f5522f1926d974c2a6b96662e314377f9372130d3793732c65971c39c40a0f0d9700f2fe5b5d249ad429b0c9d4d9c1b23608f9a03034eda051a372cb033769816f1be67491b20fceb96583436d6347a053f1ec1259155ccdcce0b47ad91bfe1034d17a8da867b019d2037c32f4a055f6cb40e4be692d8f15f606aa3f3633900000d0a300d0a0d0a485454502f312e31203430302042616420526571756573740d0a5365727665723a206e67696e782f312e31342e310d0a446174653a205361742c203131204a616e20323032302031303a33393a343220474d540d0a436f6e74656e742d547970653a20746578742f68746d6c3b20636861727365743d7574662d380d0a436f6e74656e742d4c656e6774683a203137330d0a436f6e6e656374696f6e3a20636c6f73650d0a0d0a3c68746d6c3e0d0a3c686561643e3c7469746c653e3430302042616420526571756573743c2f7469746c653e3c2f686561643e0d0a3c626f6479206267636f6c6f723d227768697465223e0d0a3c63656e7465723e3c68313e3430302042616420526571756573743c2f68313e3c2f63656e7465723e0d0a3c68723e3c63656e7465723e6e67696e782f312e31342e313c2f63656e7465723e0d0a3c2f626f64793e0d0a3c2f68746d6c3e0d0a",0,0,"2020-01-11 15:39:42.822352+05","1"
"\x000000000000000000000000000000000000000000000000000000000000000000000000000000000000000000000000000000000000000000000000000000000000000000000000000000000000000000000000000000000000000000000000000000000000000000000000000000000000000000000000000000000000000000000000000000000000000000000000000000000000000000000000000000000000000000000000000000000000000000000000000000000000000000000000000000000000000000000000000000000000000000000000000000000000000000000000000000000000000000000000000000000000000000000000000000000000000000000000000000000000000000000000000000000000000000000000000000000000000000000000000000000000000000000000000000000000000000000000000000000000000000000000000000000000000000000000000000000000000000000000000000000000000000000000000000000000000000000000000000000000000000000000000000000000000000000000000000000000000000000000000000000000000000000000000000000000000000000000000000000000000000000000000000000000000000000000000000000000000000000000000000000000000000000000000000000000000000000000000000000000000000000000000000000000000000000000000000000000000000000000000000000000000000000000000000000000000000000000000000000000000000000000000000000000000000000000000000000000000000000000000000000000000000000000",0,0,"2020-01-11 15:39:42.908108+05","0"
"\x00000000000000000000000000000000000000000000000000000000000000000000000000000000000000000000000000000000000000000000000000000000000000000000000000000000000000000000000000000000000000000000000000000000000000000000000000000000000000000000000000000000000000000000000000000000000000000000000000000000000000000000000000000000000000000000000000000000000000000000000000000000000000000000000000000000000000000000000000000000000000000000000000000000000000000000000000000000000000000000000000000000000000000000000000000000000000000000000000000000000000000000000000000000000000000000000000000000000000000000000000000000000000000000000000000000000000000000000000000000000000000000000000000000000000000000000000000000000000000000000000000000000000000000000000000000000000000000000000000000000000000000000000000000000000000000000000000000000000000000000000000000000000000000000000000000000000000000000000000000000000000000000000000000000000000000000000000000000000000000000000000000000000000000000000000000000000000000000000000000000000000000000000000000000000000000000000000000000000000000000000000000000000000000000000000000000000000000000000000000000000000000000000000000000000000000000000000000000000000000",0,0,"2020-01-11 15:39:42.913371+05","0"
"\x485454502f312e3120323030204f4b0d0a5365727665723a206e67696e782f312e31342e310d0a446174653a205361742c203131204a616e20323032302031303a33393a343220474d540d0a436f6e74656e742d547970653a20746578742f6373730d0a5472616e736665722d456e636f64696e673a206368756e6b65640d0a436f6e6e656374696f6e3a206b6565702d616c6976650d0a566172793a204163636570742d456e636f64696e670d0a5365742d436f6f6b69653a2070686f72756d5f73657373696f6e5f73743d64656c657465643b20657870697265733d5468752c2030312d4a616e2d313937302030303a30303a303120474d543b20706174683d2f0d0a5365742d436f6f6b69653a2070686f72756d5f73657373696f6e5f76353d64656c657465643b20657870697265733d5468752c2030312d4a616e2d313937302030303a30303a303120474d543b20706174683d2f0d0a4c6173742d4d6f6469666965643a205475652c203236204e6f7620323031392031373a31313a3233202b303330300d0a43616368652d436f6e74726f6c3a206d61782d6167653d302c206e6f2d73746f72652c206e6f2d63616368652c206d7573742d726576616c69646174650d0a457870697265733a205361742c203131204a616e20323032302031303a33393a343220474d540d0a436f6e74656e742d456e636f64696e673a20677a69700d0a0d0a6365630d0a1f8b0800000000000003bd5b6d6fe33612fe1e20ff4158a3c05d103992fc12c7010ed864376881165db405eebe05b4445becca922a51497683fef71bbe4822295272f61687601b47226786f3faccd0bdbaf08a275ca12cf36afa25c3dec5d5d9ae48be78af673b147f3e544593277e5c6445b5f5fe9d128a6fcfe45f77192cb83dfbfb6c56a645d51c61cbbec8a9bf4747927dd97aef2b82b25bf1ac265ff1d60ba3929adb8fe8c57f26094db7de4d10942fec497520f9d6430d2d18f9ab0befc73f7ef9d9cbf0139652d64c4c723c004b109e9218653ecac80176d1a2bc85135409061e79916355428a76199e67a4a6b053720d83e08796a9bf2b282d8e5b6fc90469a984e58b57171949bcd932d9dc2c93f655b73c7030a129f0d19537d46a4754d1d4660532952849487ed87a2b268d8b011ab0b0af4cc64cdab1daf407ef4e6739bf29aa83e51c65d4ca7686937d8413f7c6b8a92a9c3b36ef83fdf53e701fb4846dad178125d9a1bc700dff59ba159978e942d936423d5db69e2ebd3a5cfd70ab6ee4ef9e3139a494b960756461e0a25697289fe7f8d92779027e4c8baab767850d55334f9da0aeb8c36cb15a3d2c56dadb6dcac25d59731ddcdcdfdf6b6be6242e725df3152e31e2fce447cd91cba2269414b970958829b97328a6ff30108f9dca79665ee8832a62cc1e3e57a854254a43c5322b4687fde8a965a9bb611ae9c61cd86b428ddcc8dd7ef85909f195154c8ba92410aaf922e822089291357c78523b64c50ea909ada59c90a7f901e7b82231b03042d31d4a23e9ea6f1b6d3f2b9eb92be81c8c4cb8d14386ed2f112c60b9779f15cc292aa603c722d4c64aabea5d91254ab470ff0844607672307d87a6be15a290f987895f08ecd851d3aac80f6d56f1e129d6ecab48a1efcfd1931eed1b2dd87bc7c8488efdd61da2c04ac9e79a9a501cc9f7cc1b593c0dad3f34f13a42d7ebc8ee18ebfd1eaf4fb1685e802af17772b66976cfa8ca850741182405783f08e03535f6283e9619a2d87b425903cf41076553417e91c064c0f43d1cde71fc87870fe187f0f6cdee8d2845717a043fa9c74aa624c4437ca3b92f2b3527866397fdf7193a18895fcdc8475cd7e0b33e2cb50794595e40fc46d47c2b40722c17bf5fdd",0,0,"2020-01-11 15:39:42.994444+05","1"
"\x4824e0b534b095478d4493011556e27c9ede5a24d6d3b9d50ab420bbb15567936c468cc4bc341385731fcb4514bf503fc171512151b1ec10d1b65bc124a71b40fc6ecdecb4b0be07ca2f158c348caa6a6f6aab5eff5abbdd9e0e46d5023ecd4e2f5916be930432bd5ebfe5acc91b4dd2ed4bd48cb7547b0fabe47b82b3a4c61c94f6a5dee6d3bad0e072a8c2682efb2a5b93a4d959216e1e8195069f7f349d83438a1423d8698114b3ac38140a5e59ae1df9fd7a8392ebcded09d55590144d587b6e0eb24177126f6bcb21ef1805a6fba76a4ed01084ccfd8efac9635aca3928a9b304d771454a594f5b3e1d6bc58482fcd65b7004eb6e71663bb06612c3c75de70ab66669b7663f3a180cccb66e840d14c4ca6770600281c80c38ae869e1832bc1e28486cfebf007e2b2be11df2fcdc5dbd41ee5f0c0b8a42a13eb2d10472e68684d40018209048ce1098a59643a40bd3bf0d6b744ca2b683e41fd6aec9c00940c41c7cf49e684936baf4e8cdf2b7ccd79b4518dd2b4a8b642fc6fff1bea5d3e12e2b9864dfc90db80ffa12403b00efacc6a88a539fe547577610e1f80d42f1b63fd2d33a4f2c0365cf44e2f4a5342ccb823423be65db80f4305dafdaacfc1bac75b47912d719f553c9fa4907fdc6b2c144ffac70f25143533e6318ef88d536adcb6dab215836c88a701deac1da6dab392c18140c957addecfec4b1a3ccbb33a84a42165f03a4ab22b435677aecd76672364a01cf7ede7a2949129cdf7a60ed23fa0c76a62937aa073919e78987b86f7a3c0c70e2e10c8bfe02dc6144dc1d1fd464e063bc00a7aeb3252c0bbc9ea888630147405a39549a189386ab76adbfbd3f9cec945b490b5eb4eb16b5eba5cd14d4a1a6194d59b15668e97977312c7d6f388ade5aaa52c6605e5cc904709fa2fc004e31cc01bc316044bea9465984bebf7b78b8bfeb6acdce9cd17386153e1640f07bf063dc6cfc80f0a7a2a662f63240a34090ba5d5bbc6ed48ec0ac2ded0ade0d8e4028b6ae0dfdb1b83e6d2e6e12d642c994422f796f623edbeff7c97e3dc57ed7405a1ec447eb7983d0b64d397c08c6cf261eecc6b5021e0c0e363e399df5f313bfbf79704e14cc36c1dc4df2b2a1aecafae9178b77f11df32a2e59a39f61288cf69b22c7c0f0f89dc66063574492d1545d36bc792e7efb07d41c70db04aa660e03e5f60644cd50590399f69393d6370687835a59e13d7951688a11cb548cb5dd57282b02336f55ec099cd29641e42b3e3185869ec3a36fbbb30806771641d7c50e22e01ba19243deef08977a0e93d3907ee989031030c5ef1ce87abf0f2da16366430d0b530fea6ab9651cb6880d638358db7ab078dd64d4d9387702daf0874e6270dd1719d77d139b2d36be761db3ddc61bb1bf9a82aab714a2515e08a3e8f33130d04301abada39f3d7fe397597330f245b436bc9b3b9f13c6dcdddd43c1b3b0e8c59def76315b333eb008ba207752f81703cff6ae7fe5e8c03701fbb1a0f2313ef266a813584cab0985f3c7bad00bb369843cd71fd722cffdf27efdde3111f8f8f0f0f1deacefbde0ca571fdec311126ff7c503b0d140ccbec300168bea91164556bfbbf47820bf8397f595fa46fb631ed7f53b6e30f1d4e74fd5d85f58ae4616e35f05489244f7950cefa9145ad2f5480d9d4fc5c06f0265d9d364fab3be0452003f39f84ca066e41814efa518f43a1476aefe25a14fefceb27644966344ae128eb1d58df8b946b0c2a454dd15bb85f8f5f53523a26f2b8bb2290d142794d91529b403028d86485712a9590ea79dcde4ae8d9f111b3f5f82ceb327cc0e0c264179ed436d22fbdbb3afec4b09f8858f980397dce8d2fe788b624a9eb0ebed1381a3e1c47d256376147632adae0744401bb8eac636dade1ace8ebff825893fc35e008797e602316e18ac1b601a25350fd9206872b3d232fc8200f915a4ae08640e404a904ba1127afcbc9e64f64c680a01f31ffec5270a1124fc007a36088c0b2fa5c7cc9bf31d9ff8863fd0ee91e442e3bcc7bb74ad52d6bcf6fe757571715561e8fce01d13718a0557da38077e49df31e88933cfdefa526392c42c61bf0e4591105c3f2af434e29038cadf8ae7ee1623ea91e2204b0adb1909523e6c7f7769710e6f1fe5c3477bb37084529229160fdac9b5f83dfcca9955a8121dd3a60242a660fd0bf5739fb795878f312a699c1ad3468e32d43be8400ad77ee0fe6921f34809cdb01332da76e097324324ef6fa05ad8a62eaecbe233ce15615b98cfedef852b3d7341c056d93f32b2bb424d428af981ecffa922f7767757880203ba480538442647fd1b1f1ba99dcd8472c4beb949c692d9178b85930aaa63425045f99db832fc5a9af0abfb5bb78365b832f02d94e7a0c758cc15c1bbba498efe66bbed7c4abb58d4160d71fc58a8090ca43bb47876c5051729edea4f19d88fe2efc7a7a8776f57f8bf9e5b4ae0b974bb68c5843a375d23e40f8735f1e1e1813db716c5f3b396a817ad18606083dc9f3e7aabf90bc827dfc1a38b2b9e290567b6e6570a70c5db55c53394ccba5fbbf594758cba5e4acfcffe660fdf96f65c27d5101acb4949d1b0d9803cd950131fa38f771f3f289ae32119716a8a1e82693d2c37a7e941ac63d4b5b9af415dbcebc9f316d741bda5d3af63d4dfa2d59a22dad477883999a4162e6c0e2514237d8e9fe45c1d8b9b1af7deaa723105e543d0ff9ffec3cd09fa5f9ca8ffc59bf4fffb5f0daa30685de618ae0ae1cb7ad611cf047ae278d816be229ce2a6aa41cf654178bfaae8319c0ee7f0b4680e838112a31394189ca8c44053a20b795ddad1d6ab225678ad793157ef52789aae25ce8df3e32d1b4d391a4d381afd248a0393721467be6adeceebe39655725715e02bea2b283a8f4cb08e182ff86d5e7c9338df51185d142ecc38c8f6c685518b3d4f52e75a75e7c5fd5c6bc8783fd63ee3a0200c356bb28c239e18085502d473eb8c937df7a68da0b101a967849be643e200feb1f82aeea26b9c4193b4e5801774e58d288bb50b236d82c1d550fb7d56d4f88eb7d6af6d404aadb4ba157f29fdb39c5b19260894dc3d840036a421e60a616f3a6193c865cbde3c2d120f9d91d726a8d574820a4f4b50a12ce15d7e5a9d909fc213f3534b9cdb6766ada47fbcd0578befda1cdcf05ef6a554c3580bc9afcd0809a9195255f301235d1d5f0d3f5df18db08d1d015c89ad7904351d3044f8113c9f3ed660768e2e953aaef8c34d7213dfdcf465bead50aef77dbd6a57b0014cf7ba7322e3ed0025ec039ce0c0e18a9249a0c3b469e7599ce43b0bc3754ef09c13d181624759ffb9f27f463b9cf5f1bc52e3390a8695dfee557af4192c7aead793e4bbad3fb1dbc36ee7727a639ff72afc44f0f307f2d433deac555c231c21521ff509639896d8ff9733ca7b04f56c36d35965b33e2dadc84328e0fd04dc139d887ba240cd2b4293ec9a4155a36cf4c6acf05fa03ac671c83800000d0a300d0a0d0a",0,0,"2020-01-11 15:39:42.997064+05","1"
"\x485454502f312e31203430302042616420526571756573740d0a5365727665723a206e67696e782f312e31342e310d0a446174653a205361742c203131204a616e20323032302031303a33393a343220474d540d0a436f6e74656e742d547970653a20746578742f68746d6c3b20636861727365743d7574662d380d0a436f6e74656e742d4c656e6774683a203137330d0a436f6e6e656374696f6e3a20636c6f73650d0a0d0a3c68746d6c3e0d0a3c686561643e3c7469746c653e3430302042616420526571756573743c2f7469746c653e3c2f686561643e0d0a3c626f6479206267636f6c6f723d227768697465223e0d0a3c63656e7465723e3c68313e3430302042616420526571756573743c2f68313e3c2f63656e7465723e0d0a3c68723e3c63656e7465723e6e67696e782f312e31342e313c2f63656e7465723e0d0a3c2f626f64793e0d0a3c2f68746d6c3e0d0a",0,0,"2020-01-11 15:39:43.000142+05","1"
"\x485454502f312e3120323030204f4b0d0a5365727665723a206e67696e782f312e31342e310d0a446174653a205361742c203131204a616e20323032302031303a33393a343320474d540d0a436f6e74656e742d547970653a20746578742f6a6176617363726970740d0a5472616e736665722d456e636f64696e673a206368756e6b65640d0a436f6e6e656374696f6e3a206b6565702d616c6976650d0a566172793a204163636570742d456e636f64696e670d0a5365742d436f6f6b69653a2070686f72756d5f73657373696f6e5f73743d64656c657465643b20657870697265733d5468752c2030312d4a616e2d313937302030303a30303a303120474d543b20706174683d2f0d0a5365742d436f6f6b69653a2070686f72756d5f73657373696f6e5f76353d64656c657465643b20657870697265733d5468752c2030312d4a616e2d313937302030303a30303a303120474d543b20706174683d2f0d0a4c6173742d4d6f6469666965643a205475652c203236204e6f7620323031392031373a31313a3236202b303330300d0a43616368652d436f6e74726f6c3a206d61782d6167653d302c206e6f2d73746f72652c206e6f2d63616368652c206d7573742d726576616c69646174650d0a457870697265733a205361742c203131204a616e20323032302031303a33393a343220474d540d0a436f6e74656e742d456e636f64696e673a20677a69700d0a0d0a343265630d0a1f8b0800000000000003ed7d6977db38b2e8779d93ffc076dfd394625996bc2f71cf91b74ee6667bb1bb7be6267e3994445bec50a49aa4e27832feefaf3680e02a398e9379f77492137129140a854255a150005757add7e3309a4dac70f0873b4c3ad6ab64ec46d6df9d8fced930f2a689350c47ae7519460a70e80496fb297183516375d54ac65e6c85816b25a1e54da6be3b7183c4ba9c05c3c40b03c7f7921bebda4bc6e12cb1222ffee0055756e04c5c2c8bbf563c75862e54e2fb5e1c4391b8d3908a0eaccfb7fb8dd5c7567f347247d6e0c69a84a399ef5a4bc3307297dad6a587375e30f4672377d5f9c3f9b43af43da8bff347dc998ea74bd6e355ace728729d04281cbbd9c65adea5e525766c05616241833ddf19f86ec77a066fa0dd546a64790196443c58adf50700c6c419aca26d0da061d76337b0fcd01961eb8823ccb4289c58c2ad08788138a6ce95db46f413ef6a9c50cd03d7a8bc0134357f1885c31932b223f4fefbdf8af283036b168cdc4b2f70472d2bc329bee9f4810f8a77abd63934faa31b2167adf09289f3bd8109dc51ef0f2cbbd7e976bab62ef9eb9be750c48116bad62ca64e768643378e4d665285be73e3469d0c5a2c0c28c74932dd5b5d0d57622f713bf174d0896670372548ea356424d7799684113088c48dd00e1ddfb72237994581357212a70364410b9c6102ffc13fe03a8000d890bb080b7e70dd297544e40c3f60a31d1fba7274837822cffd887d9ab893384b2da1d032f7b8f158890d74e03f5e3c7f0aad78e3fe3973e3440d1500f9352601e1eef56f5046b3387dbfd942c0378e1713aa303885ae9e81200121305240ba860ebc0a42259438be402444fca830b7dff5686822128684b60633e08f7749dda1ca6341ecce4ba88810ac661a7ae526b9f61ce8f1da8cdc3f5b8dcf8d8f4e647d1a47fb248dd75e300aaf3bd9422deb730320a06ce05ee718d46ced376e2dd7876619e5fb50c347f71faf884a2c8e9588e8c580e76dc37e710688d6544d9d4d10c576e1e946e9d3f5b2a7f4c41b46611c5e26fa61e362bf8172d24402bc83eebee5594f34251ddf0dae92313c5c5e462a93e8c6fa6ca54dcd34a3a94abdf52e5afbd62d745e321c5b4d174a5ab70dfc",0,0,"2020-01-11 15:39:43.006012+05","1"
"\x8b1c80d2884ae49818cb2f80dd1d2d112d2b73db6cd8dc6d7bd6af01ea061c7dc37a998406aff4da24150de804a9106fa14625d7279fdce18c91d018d37addf70bc242e3af281f30d29eb1d0c5092ac569144edd08543d8ccdd84d6818e2db88a96be30d08fad81d7ec0b222b038a0f3a088418d57ad150d1d6c8cf70ed270e3c6825d1aab117b93893bf2805bfe4d47339bc8c5bec83cb07e38e091f4d34f564127bcd5601766c130389b912ac4876808a319aa0faa3a5534640298da46a654b3ae9e3661c351245db84fa284a60c5998e1176945b61af8ecad8d5d66e7489d2361a6b6b2dc280aa33db04f608e418beaaeb5ade586bd84404b854e138d582a7efb26e5dcf3c071ece60a2136ada12822606cad0a23b9dc172ed068537563cd6100c33429211847d4dfcf5ebde47afe88c9064a45f4dc0dd0900b7640f5324cbccb1b117c0770869719b4ca078097576ec7e800ad3533b74dac123003c51de072d05c9a8671029e4dce8c6a794040185f52fc298c12376a2e4103c11d4b56ce6fa6e8162d25e070ac7e5a41e44b0a7b40430ae84adce1d809ae5c7354e39036697546670878448029cd80c0782e5c89c1bb439587b5441a0431925debed19989f337b1446b925f5b8df1840e90ffb5c6a2d5f0a9d1df3aea4ccba59e619da648754b52a683c2a29bd61963e0ad1938556646fa598c9a9780acadf6011df0b33f8e61c7a434a51f7017b6631fa716bddaee88e938f8e3f532e2a4b2ee80e9440722449d1b90ca30c7bdc66ef1b15df8cb55edeb55083343fc63b6cd348e681c89cc88f5c12f9921664acdb22cac5b42efdd7cfd8998b51ffb9d085ec3aa72d660543fa7318cefc91f28da74e845e16787bc410d277a068525eb6ad3cb105e5f34c0fd34ea9c11213722df64c588bdc99f9899893c0f47945a5e7cc4a9d4e0736033ad222970eba46622bb095397b41053a6596266b4222b47d842c75b816ea1874ed4b3b875dc605b87bab06cf2dfa15ac968291d2673cf5781680c87a23f2572cb42560c8d9cb46f75ba9ce4bb4bbc24e937f9e2e7d249eb956571fdc1ba5b1f012da5c643cbc40968beba37853e6f093531745ce0db9ad42fb6b143a0b27ade97ccf1a80f3f121e63ed26e0698101c9af860d2c1a92acf01dd090951488038e983f913bef182c08d9e9ebf786e8d4297679ed0d2f003cb39420cd8be0ca2f03ace4fa9b026636a6ef00469519efb7016c521daccee3eddb3a93ab07a7c0b1dc537d7639c403705fc090f2d767fd113e2623f5b5dbcc1427089cc56e8081c7c7bf7d3abcba6fd849964b7a57a60265794035b2dc26147127ec6ac6b5be92945a348e127a9e222dcf16c10c3f8014342606d2c8d8649c804c8b4fa9fed96b58c6de7f2f82e575c2b78351340e790da8dccc7e72c260dcd65249670de6af139f82a7f1013e93c764370ea37b2583f47f8eed041c50806617093b831fd5afd600403d3fac5732613271a8e3d046cca1cfcfafa1af4fb47507e1d2f599552abadaf48b16149b25109b22dc37032411f8b6710e087a03d861994b8636d8c31803ea0898e386d713871091215b0a36ce2640a96102706d7ce4d63b8f7d97e37b0f7ec81ddb6df257091e0450017015e5cc2c5255e447011c1c512fc2ee183777001ffb5ed55b858b56fc9a60283bd090c6835b4da629f30dac08242012d4ba4e3002d39d95ad2744237946b8cf6f4e80c5a9fd55c0cc659af6bfdcdb2bb36f02300930a6fad3d2be0da319870055d5dac5dbd413f40c596aca9e70e5d54a54c59c34beb74dbd6b46df9ba66b2a3e004355d11f926bd6e71bdb1efc463a3566734c2f6d2d3817b893613ed32f65f67481dd288d3babcf648d7831c552d2b767e67f876742175ce028fe364b9b6e2b09cbae4a9691869df2c5727aa0274da471d24e90820fb49b3dbea24e1198fe9de566b3f256c96f25c8dee27d07bd81bddae0dbd00bfa09982160de42cf52c8f86ca05863a93b82d5e022a5ff685e5051601aa6743b0e6a83ec8cd7c399b0cdc68af219ec501f81fa75e00f6500ab58016a15c3d00a2d08ad9597ff5300c7dd7090c4cd96259e863104d035478d0c051d0106a614e750ad5fcd375a266ab6dd92bf0aaa4fb46cd14fe05cc3bc64d52a80b96403a9a2d043e9f0ffc34040dcbd07b0b10e30533d0670bc39f811e0d46048f7c68e438c6dcc4494173f5ffbeedaeec5e7cdeb87db7c2576bc6d5b9bad82b5cfcd76a27c1599e7449eb73da03e8742033f6e511ceeab8bd25647b5ad47a30bb5e6bb5cc52aaddf5e5360ae554fbebcb6d17eba34eaf2db58985ac15900ab320f57d6db9dd42655a226bcb75dbd6468bdd4ee9c2917be9008a3d721540af24932946182fd0b63765bcc29004b5d60cd0b0a8b1c6afde06e83af233b836fcc74201744f94508d9df8d575f05a6616a8d5c193f9e187a6eef492c882aea4d56a3580cace741667b92b80414b692e146ea573b8d1ba02fbb3d66f88eb8fd00b9a60dd7044dcda1906ddeae02017decfeb3baeb6a8ee948f99d669efa73c206b88da0ac15210d15fb70d8909377ff86c2bbcf65eaf6deb250db9fb1084d7f8e6f66d7233754385be7551af6555d081dcf93dea2d8af1a22bdcb6fed09d2abadf900b0a01ffa183be48e2421de7653b4eba25d72b6f2b7be5c2ae503b69e1255d58688fdca9ef0c611ab7da7cf76973f8ef779fd64ef1bfb57fbf7df7a93b5c81ff461774bd83d7ce456bf5aa6d950ca0b8d1329161892e96d8be0074dd01a170e141efb212c5ac81ad58325aa1475e29f3c48a168cd4ed0212c98eaf299134db6c88636ea7b3027b59e6a1e2c893541aab669f1bc9186657a484cf6e82c4f9748231cf26cd8b654aac630db81e938944d8465c96a7f415ab94eec803a17c9f80a58ef56a25bc8c57cd37999bce1fb12c5a7ed53fe86cf1ff47e1f426a295c7e6510b23503baac1c7ee47d70fa7b47c7bee3a132960cc1c78c5ae13465796899216e4604a71055d8ae194cbc805772dbc4cae9dc8ed58ff0c67b4a415413bd1891be0d28397e05c66159c66e007465419153cc66ee2b0154c0c40a1806b2beb5ef80ce65c111228343ff7866e00a3a6f9d173af69a1c04904554a6ccbcac4c174215ed774622ba56bc49e3d2d925277d5b5d32c26c1a131a87ec60b2db9f67c1fa586e7346dc18231afdf9f9d3f7df5ebb9d57ff94febf7fe9b37fd97e7ff6ceb55720cde11365c4ef7902607d45990dc202f18c98b9337474fa154fff0d9f367e7ffc4069e3e3b7f797276669dbe7a63f5add7fd37e7cf8e7e7dde7f63bdfef5cdeb5767279d4c5bb053e23145d9c6ce470c740d5d0fe34fe8e34f6f546c26c7312eebf8a19a0225064b32157c75e9fd7b1a85d1f9080685e61892f1d7c162bf610849aff68f622ee77e82893e4c92f9798cd3cd3188232efda306b8f422bd42c0914047afca4e30024a72a23b172393c6f22b20bb0ea30fc4a08e961b9417c992a0de9435ee8133fc00dd3bd2535a8f1226066e72edba0105a2b8817a759223384673dfabe6bcc7f699e1ac86cd834043d828840ae366a7d7b007e1e826f774ad614fdc3876ae5c9b9ebfe0f5ed4bb0120d5e0429652a4c29b9f9501770d0f54725ec2d122fc5aa69178022e9ea458ef856218fc0076ecff02601bec3849642e83c9d346279824203c73771e24e4a2846887cd4106bc43805007ba88684255008a3059a0f924811b82040577e38c09481ba0e85823a8459c9b95aa0b1eb4fdf4fbde10737ca0002c17d4d6d865853cbc6aeef92",0,0,"2020-01-11 15:39:43.012562+05","1"
"\xa5b55862452bd098101a3bd64b0ae6130e947bc4e14421a8715cdf7b71f6ec041504d432a96b69242b52f3a8c318f5349ccea605a6a21a6b83d9816b8a2d41e5636f442b2a132a0660e04695c920217caf109674ad214c649848cb50c5a43c41be318587ccbf047c19bf404e9dc0f53b2aa50687ff8d0471c01d4a1c2f60fd7119fa7e788dada4e113ef3558f5f55a6c0d461902ace664169357320bbc3f672e05f160d6e55823971525f61b906368282c9778532bf1123f6d0e58a424245db32e350159607c68c88468e6c045bce16c1b86a5b66c30b0111e7786aa4e5c91a29c28840002226be87b183acfd6b709a679ca69627bf4eada1b815511314bc940d8ad3cecd82537a6006c35a7e8404ea033d6bad34fe890894fda6a18869cbb41a97130f6be5a7d79fdf4f5ca951bb811657f19e95e05c999232b38f8305236a51027c98beab3e9ccf4744c69219f0b0b0aabbf5866728240c324355a232513d43134ce7c2ff840e3ba23a2449d17f95a50882c5aca683a8338f4d1910bd1e7469dcae3c0d0a4232f6a75be36c759a1699e16f98fdc1a79e0c47256914807512e6948153859f460eeb0d105a9b1ab74a9489d01a72a65195362893c0b6711c9659cba01e802b06ff9258d973ade2352ae4774654c99976ac988f36c3ad6ef626aa05f703e6dae2a297fa20d5d3174401ed48ae730f48172b618a0cf033b616f06440804c8771d90df17cef0d519abf64da6f2d5f3e3f7747fd0089c8fde9503347770dcf7af308951afbe208cddfaf90057940c48673afd8de9d1f3d1d5ce6342d87c377ad779376a751ec30cd4feaf9edd5aedc14c7d8b1abef255fe20a65fbdc4f3c1f15253cbf8eba23f050e986323e781d2ba8e4c28bda4633d939cc0f09266326c3e63ceabd10348a509741a8ae8acb05cb989b6af3ac1a3dacf900c28234dad1216a7bfd9fcb94a7ff4ad77a1632a353e4e43e7bb02d5279c437c78f36cd4ac43ac160eabd0b62cbd44cd794135909f1b8e8f71093b3719c754d9c8893075741a4649bcc7490a419876e125f93a6190f19c504b76ec4206de42ac2d9117e55c9b7ef583098d544675950b8ee97ace911b03748ed81833814aa9c9f8bc8b094d166d99cc1848eb452603f87991aecdb51efa4552791d3d1901fdcc731150c56a39b76e3e52de6f1a5b139095f619227a0b2f2faa7a4a0318e16e8183a73a01110394604bc75ee272e6be9e41f17a3b4a252e8863dab5b4ac8a687c0b8657a342dad51220bf9cba23156f666070ed24e46c3c0b631587aea44f28d2f4a018eeefab5c021fac1a2d311f2044262120925031a635a67722466939a81efefefbdf56e6d1bb089f35b2cf8212b8c4e6bc0aa3391a60d96826263514a9ec9aa4adf4cc5ca03449a79a373a91b1823b140e29654fb7dd134e18309a15d967c28bdcc3a00c32c30de8f0e58314a29c03556de6f86f569e8c91ab7d47123c5d61dbe078ab7a34d03cf8c80f717ea5a7a5ec64c6340c26e14757bcf4e12c56eeb19e39578c0a02ce5a6eec855c50a0c6d4738f64e1959256497159c716e6c9efa1093c118e118359ba43147172d417b53863bdea9b5db03d34cc8d8755cdcf16641614cbdd950d790c39567c3d07f1482d62e96d3ac559e1d7abad3f1a554429cc84b5aa9ed20b6ea5b2c99a79e47d4c6fa60efa44e9bd01e74daef826cdd15433149d1e17cfa6e87b5915e63ecd83cd8523284ecc5398680613e9e390d0a97886ec27c8f000a63828d85ea062beb1da9055557b26d1fc659845c7f1339e8149b57fc3c922269adaa0d83022dc2998ea8e4e2cc2b43303bdf60ab5ef8963aecc37ec34beaabac010eb35451e628f631638877512c7ef7cf100a5fcd018336a9c27202d3fa3d191d0860a437204045cd83f386a42494866fb2589c897fd68b2ab406d1ed1dba468a9c21ba905b9155e90238f19bb99c385b1dbe631f1c98b93346a8b1867bcc90bfc2f07d4978836e61c55f89fb6598fadb72548413440e9880034195dcb6f5e82e8ee97d5c4db7fa4b2a60d10885f003b1ea65b666bdf37ea82793832fc9018d99442ed4cfd4ab3290d215da0d402584cdd597905d2319c7b4a3da525f512c166d75ea90e78e10597614e647006a0df238f04ec6d579e9bb12de3754f5e5338d078be26cfff88254869bc5b5765540848bfd9506f74d447bfda54f43911f4bef966eb82845bb40d6d9accc755c240454fac67166608a18ae0f090e5d0fa9e33f482248cc7d6abb35d71fd69b0175039035c321ccf406011256b13661a880281da9886a222342d1a645e3003f972e6489783b2e55448d68ab30253616ab6021a47ee2582a53a780f4114cf611cb0b6afa9122068c0306059b5f0caa858010ec15d8e5fe276e23c3c4bb09d82c6d110d3ee8606411dd5f32c02e973ddef9e0ab7692cc98defc268e5746fa8748d8281eab543990f8690a6af38f89e7bc9e60f5416c7b163b59a404bc9b1451a6e0c14e09380028b2ade880538668c04b6514fe3ee0e18b013e7836b0c6276c59045d22a0e0063d91095678c9172690f25dd8e6e0267e20d2dd548dce09db080a901f1645e7c329d43d036c239d0d64aca68721446a34108b4e306e7174e32eed0ba52939061845a432521a6f1d0f395b454456f9d1370538a2d63a47bd9b233dd97813f542434537a32a56e45fe1d985f04a3a3b107164e30b1a1cb6ad3ac8f85ce8bd221ca9463ff5b973030669191a6c022c16bade411613eac846da5643cf17cf786c646271370ce2c4e653c06ce3926dba61ccf746d8fb589900742aed65c65db9276488a8bbfb465097d0607fdaf4b8f42646eeaab51c4fac6f2ae0236ea5ecc54973aee949195e91a4ab11e3a7edf070c38fca02b6dd3db4cb9993aefa66d25b7c51bf83c7a0ba00134e48c5f2b0b9ab59e0edb4e41c13b02d43c519963531e52eb4af6f5292e4d3ac18d85bbfed444aa6ac12c8d1647f9b954c67708032a94d9d8978fa0954c726ef72b995ee0cb9756a1dafdf5e630af8dc9a7354b306fc273bff23c491d009099e9ce9d1671bb9b6cd9de7ba33674f470ccd989d9c328c074bb3457d24b6cd98a489cd5e2f47c375083b2ddd404986faa0d25c1d8262c0f35355fc2344e18c200b1a0df9b917f8d3543e77be60ce0e68bfd1c8368b314792c38a4a199cc1379b018570ce01c5f5081afc8eb4cc34dc28de246385f478e74a1b6958524713f0faf70d3db62029410b0488f8197ad065f937fd2067fe032092f2f633711a13a76315bce03657f4df320d0f4f15896fc245f02742eb4dc0d9885b8a827fc4bf12b971beda302e8703de7642a730f9fb2d50663c82591ac62d1e7f054ef35cbbd7bcdcada584430082b85dd6f502dcb15d590492fa35ec5f40dd631bd2b07063bd58117c0e596951f09ca4b142711fd7415ef32fb5799594eb3a4e54c366b25720f832ab20b7d4826953a8beb9259f6305214f09a03e2d4c2af2e44fc3b7c10ceefdc12b1d6e09f879f72980dac8be032c2a16525319f2c0b8e0ab9b7c56ecb300a7d7f8022267eed10fc39499f847fe4754af827ee649b9755359458afdf392c399a1ee8d1de161b1dca09161f3e7d2f1d6f48bec889d09cef788521127167b72f0fc5e3867d4a710c15abf2a032505892174767a894bcd0d9b1f5d18b257f302f6e3945ae34f92296bbc61ad06ed8ba56162d476da05b3b476fdc2b2f4e3227dd50f211e1a71caf7aaaad4c0218ce59ca156e24f56412c09afca3d6d07e100a2a62c699d4b1b7d5af24f481db4af8c9bee907c2b4",0,0,"2020-01-11 15:39:43.030038+05","1"
"\x2597ce16e1522d53c7a93ad2faaaa61478d0f83c371c534aa15e77c582c2fc839a6214a891a06355afabd527479465455a613aed5019b301a7161a292aa822126fe2c6ec1ff3866a6d5fb1cf87beeb44b96abc40822355eb90e0d1730a621ad276168a9a3a2a568acb58b81519f75549b56fa871f0dc081e6b9a527982527a55a13e39b288455c9e374cba5e62a606d1f64d0773baf5fc21c7f8ea7191e748759e05d3f643bae9a7064ce89edf50b5a4fe95a70ce78a0f1327f0a633ce047e809515e7aab8d887d361b26f3445f6d2b501397982dc04158f210c92449b4ab2f424a19204141311c5071d4cfc984c135ceea4993da5e77ff4466945f43e9d67aa99873acb8009f128d2afa20b484f95b038a3d17b7cdfa485535c326d4b40a36dd062ae14c9341de43fbd8162e91d89c17e3a0c2500f13775b1779781995941394bd412824e71269fc462f32ff9c3b25d850f0ac19d2a9709efb777f4e10eba93bd24568ebfe4e6332a22bbc3d8c9fb64aa8a0a429cbf5fdcc4a4cbbfc9757a43f8c5782913349b0140b805f1999c63505da0009d4570420728a85e998f02e0db298cce91c0693a8b1b4a991760d6ab970a2f06b54aa5570e65e9e89529f259288e6d88146ee362eaf861337dd706686361ab280b75a92c5820d5947a59db4b6450737a95bb42af90471de3408afa0417c4adcf7212e2a11cad6a706a0bdef52ec0e5835bee016c1ffe2cd33b5cc8508ca696b354103c46c5e5860ba4c38acd0235aa44a318878640915e8a572d45127ae52164a1d770469d166512346899c43753f0b681a79535857aafa8310930ace7ea635e42518bc38f57171c47661d8b1b569c3ecd261c2e541b7c444107eeb58f93365d96969169758c928eb412cdc85587c937ce80a1434c79bb427ada1ddb4d161bdc39e6255c44d264199c0287c0665ab64c4bc8f9330e452b5860f65656f9d4452f4aa08b50de34b8ee3364b90290135f64f25e00c68125a0945743ef71b4804268dafa7c0fbb6d715a521dc4724f3930f7d3196a58695af7ff5223a56a44dc152ca04830dd964e2365216b84ac7e99a754ac7e40eb4a2ce84e104e1c188d6327e6fd32ece77cc05321c170e31c000357322c285d550d09781f7998022907a1f08a454aa7dacb6d8e0f1c5289ac7fe178e2736b31da80a569c0f0714cf9b908f4113e8659c6381cc53460f0a09d1b3dbe28b2933286b312da4ae7e08140387109af53af810f12a3f13aa2a414e566502b75ca549a3e29ba83768be209b666634946261fd5d94624375a499b2373a5d16c1abdd5eac0accc4b9a9887d7d23074420363e4b39a32f81a4dbaad2c980e66722172035e88ccc015d50255ac61d20982a87f50f367a2e12f69ab099db2eb7b130fe54cc58ada96dbb962d1d9a4c575daa04026c1b095fa52194b96e2db86e9a8e1045d22815f7bf6016379cf7aeafad3af88b7221a40bb2d69c38a9ed00ef35a25b39386bd63da108ceb75638a80b3ff35cce623e94cf997616e83933eb5d3ce9fbe77f209fa1bfa0d1723cd329933b7d3d35a79518c4614c31509e9156357699bdf8b180d41218216cc53f362869be07cb784f20ef20086ae6c75e2140bf00c669c438413383eb82af4866edc31972acc12784423ed21e6b3b22585ac6e6366766d884db6047cf42250be03f30b4ed9e51cac60852bb0db1864ce673b16768612169d60935d63e1773db61ab8f4e6ab761b94ce0d3865442e1b70122945889274a06c499d1c7487049692dc9479e2b38469268a20b6a6f652cbd62931fa20bf83140ab9672e38952d0157bdaf6ac5003a2f8ded4868d48cffd246fc7c32d60291ce5a81940a8fd36c495320d3c8f9a2797094b88395142431b3ee554793b91446f4cdd57eaa2b6791df3224ecbd2cd41ca815393a7bb70150ed865da0000f11079fc9fb176a88033c6f9af600a15a1838d14110f2fdc88b5c3c84c67363fd4caf78c46939446c96e35336f52d2d511ca0e855ed51043164504e95a980e5978dd6dca0bbc1904c7a73c981269c5e923bcb441eaadff7b91d54c67718bed59126db7f1d69f2d791265ff148936f7298c9190f1f1dd0c81e375c75bec9573c7582c76fd9611155474f549740caa43d2abe2ca9690c4cb43f7e8f33ddd8c5534af5791c4d51232d8688682ecbb10e0dc2dbfc415b035445330a5bc3abe0de470b433af3214dbec477045f84926c01a762ff3b9b0987a24f148b96593d2d3797f687b81268d2d4667598d873d0285647df24d72ecca847c6863f4621d64126c8b1e43556b291aad2bbed7b9b15bbed33e03aa6de9dcf9545f1979432ab51a775e84f500864ceb392a7e0f8616dcdbdd7adfc32b7ee5e81a9ff1c4e6735635449d4d5edda66e7cabbacc2ef08fe183c51da4221dd13276aa1948ee209ae669478564093e1475d7b7252fb50cdcac9fa3d5b27cdea71b392514d37f5eedb9ef5fa6e62fcc9783619e0a150d7c19caea8a139df150f447abe2be6b740485f13d26735ec5ebb2fcd1bf5ec5e3389a50cc73a66d7509c67f603119e67f63cfa85f07502db6bad1c57b37afd9e14f7e62820c6afcc1fb95303d78de6b0bc86f23ccb1fa80179962fda0e69c00681ffbc77fca49af51bf7a57c8e946f8894e0c13a019e12ceafe6b0be86f23ceb1fa80179d62fda0e69c0a698a91aa1dfbc2fe16bf59cdfd4c2421f6f0867c130b54f73f85f4d7e9efd0fd48a3cfbefd61869c51615da59a951f25bf722df7377eafb80d1bb3730ebc3ef482ecafe6ac2f3ec7f18faf3dc5fb81942ffb668ceb09af1dbf7959bad7ace33fe11cccc3e2cccf66ab2f36c7f20eaf37c5fac1142fd0e53bf57c3f49d7b4a4baf5bcff41d2d27306d992eccf76acaf37c7fa006e4f9be703ba401bb047fd85aa966fdee3d29dfaee7fcaee8c7707169af263acff587a13dcff4859aa0a61e3ce9da6bd6cc96baf7a47a8e7915fcb1335a8cddd52417264b0f437961b234b7018af29ee8c51a66f7ee3b30e730bb97b1ff8b31bc92ec02c31f86fa02c3176a84a29ea7577b7fab61fa7d277abd394a452a9884e1e866419e57525de0f903115f60fa026d50c4cb84afc667efaddf5352e64c5405ff55940926cd637a25dd05a63f0cf9059e2fd60a453e4fadf65ed7b07de39e74cf711605bf84e974e80e578816eb81ca26147ae0615a52e8813b3748b584275a7b67359db1795f6d394fd97305c330b8a4136e16eb824ac20b5df040f417fa60b16628fa798eb5f78f1ac6df77b2b73b87ef8cdf09aea245d57d25d105a63f0ced059e2fd00445bbccf66aa64bbded7b123d273626f86f9ceb3b28fb4ab20b2c7f18ea0b2c5fa8118a7a9e59edd7b992f79de3cd5be560fcd777090c54935d60fac3505f60fa428d50d4ab995e0dd3bf7c8a37c4d351ea39be2b8a30f417647725c105763f00dd055ecf275fadd1f08cea1f35b3d2b52f9fdb8dc364ce8292e00e17f45aaac92dac287d7daa0bab4925c43f409a33e3fe5689ce5c5bb378c04a36c96181b4dc424acbd74fcce52ad2d45cbf9010599657b358726e3d9adc311673b233ee97eaabb2254a8efc8b2bead669bd511571519af95b05e23c6072b03054a7072fc7cb9c106c9c64baf8d9767c0e5d543c18cec91f23e7ecd71e30362fdff88113878b43e6415287455bd5260fcf91ff76c3384aa73147fceb00384fa8a14f4476e86b1ef2ddf65ca2db028a4b4914dfd1172e19c7bc7d605220c712bd239b5fcb26b6b9476fd4136ada91afa2682b52081f40df9a35d5aaddeaacc687df1a9135d48b",0,0,"2020-01-11 15:39:43.033572+05","1"
"\xa9cdac9b51ad3df36e46b512cd7b0b0fa84b33cc7e2895aaf567898efd4f56a95583e36134ab59db9d146c0599757ab62a577301b87aad2be722de49fb96c9e0c329e176f5d7444ad573fec4ec07d98f98e5db3773d8ff32277f9993bfccc95fe6e42f73f23dcd49c916bfc10077246577f8f133f979ffd7e7caffdadbf7d7e7cabf6087dfe1215d7ebf0d7edebfdc85b6f7f9202915bbfaf8d3df88898e7191c35f684798de58062f95c2c4a3ea6ea0ef407d61a70fc774c60a15a7a3e023302493010e9650bd4414a28cf4b7ef48b6b13a601d9ee8445f2710a325bb02e7b49729ce7e60fcd38a8fe7c9e1f66e7d816750cc2678154f808d78f169852f331f3f471659c9cdb49a0d0451c7063a1a0631b4efc10644329f13668732d1594e0cf8ebea03e86537891b768fef83191205f7f2e1787899d07d9fef87ced44b1c3f7deef173608313a4a59fd92670f625f3140f45c1a308c5baee597fce4272d7d9e458d03be47cd041507426a8618a09f6bd182705a93e838826043f868b251190768ae1f1597fcebc08d1d0c9f749947ea2d6b25b789ce54a0fbf569779b354f9e642bd51ce35d134928f129639ebe9f7fa3207ae0ef9cb76e428d39127fc41bc77f4953cbe59a2637ba582657e8bc63c7d3234be4669d32116ea1ddeaaa3751aa55f77fcdad3cbb7e3e80245feed18cf48bbb09aa0edbc7fe1679e7cfcde347fb5fc9b9c8513153f54a09d2afb5d8084be0bec4583a50fc1aac145a7d379bb3a002e0d427ff4cd5833a8e30c50854c41b2be1b6362664c7c4143d5a353bda2707635fe662c8a6b59140b8be2efc7a219b368062c228ff49b8ead592d7766c29dd9f7e38ec7dcf1803b6883bce137638d57cb1a4f58e37d3fd680a70cb69bf923d76076e8828e93fb669ce23a6bd925f431cfd4cd77534a33d1d778415fcf617fbff50d63a8f55a69a654375d7d3f3e4d159fa6c427f0f4be39a7a6733835d59c9a7e474ee1344378459778180a7e1be012fca56fc72cacb29e5d449c308cafbf17cb68dec62ce34bfc26778453a56fc932aab296654c1cb34caebf9bc2876992a87bbcb29a303d9938492267937e3b7d0f95d56b7b248f5d7270cf57d5edf7e29b3b713c199d7c6935e91727f5117e9e115cae0fdf8c7b54b53edb9309d107186703ee9113c4b886d45c62ab4ec04b2de36c63295ef838b660ad8f5713941c56a4a2e60b5222e0195a348a3c3529ee39f17386cba1fb01a7e2c617ed706aaeea3fd053e462144123bbcd72cab6eb4497c0ec6529bd6ccbc867b9b1cd4fca2f8e61991e2da7688469b7df69c211f907301864da11e170f8f5cdf36f3b08a05a3d04e0da489d555197fd7d0902bdc1cf5bd261e29d06832e24a1008ad289c747b23c51d992af631f39c1d0f5f9a3341856e23aea2595b1ea081546fc9085f170ec4e5cab894d69d37a46dcb62e93291f210e5d8f675947f4d5a0f0da1db53a0d0a811f20959d247c0e0fa3232776d5a730f8adc11b8c2535a950e60b12db14c34aa17efaa908b393c2c495405b0c74598347eae2d6ecd9adf458e1aafef0828f1478a51e912555fe8af16d630092fea13012cc2928082b0e72ec95654b0d47945ab8c2beccada595c981f9bd5ea2e03b596f3f8cd28147b717723a3ddd7c43fb0db5350b5ffcc97c39683fbfba6c7ebaba53b5283f778599bf6a0dd8f113874778f39a301a2bee99039fb34bbb99cf67fbde2072a29bce026dd5a74a339b3f37eabe99b45fe3d6600fa2343221a93c72677ebfe987f72f37952cbc538285d7df6efe01952d225666b650bae2b450ae50761dec015284a082dacca0c242dc374808ca2f8695e60421230fe6147cc82c1eaccb3c7d9b08ca1ebbcd7b18707e77c6d4224cd999dc151a9d84797e4a0e25c044735a3888ec1a5483e81ba5f7e4e4f961b27aa0923b9cdc9da3e96e27779b62c0ba67fe772aeb9571a96017660e2c1995610fd48fa650aa10086acaef17da9e5c49701b2eace6333a1a17dcc86f17e19e5c3db013ae8ffbfdffc01567f5fd1fec8edfc1d536f87e57871b85d170b8593abfebe22acdef79a4f0a5d5c46c0c8727fedf6cb4506dcd92f140dfe41e878b8e0904c58c12c29709a010927cf08431d78f0180c9a2a88f7130175905ca75cbc82de01acba32a5c532d6252b48863d95aba78172cb5ad250c0272454bdf2fec81993417d6dbc717c0b6494f5dac596f57e9cd378b3843652569f346ced1228e702ecfebeb3bc258817684ad124fb89869766f4f980652847e5854e3b98dbc8f488c008a53390109f582e7fc6d6ebbe74e2a9277ea73abca1c6b7c91675da1a076acf18d7c758ecae1b7b6692c52ff56376ae667628b73a0438246a08e90873f3870e819b3642a9f3ca523d18de7ccaaf440761c053575f99edd7aa84903f1d19c34506baabfd553a1586d9dd2672924a80ea15da5f303e24526db1f200d89325f212c69a4aa9982146aed3fec44213fde1f64a28095dc61a290a3e96e1305b3eba9c316982828692dfd3c8337faa44fff67eb8c901dd38f35a4bdde52db6ca9b10e122d2c649b969ab1e44db5e0aeb7d5226c2616b4d6e29711d16fa12dcbcb78d803deaa050c6e4fee836e4576346cf09430f9157f788b846ab76895aac446b3029ddaa8cb61be22d84c1a6142257e560b6cfb92a230a7f2443561755ab1a96707f6b25259e5cec412d9eb25825a263f625991b2bc24269b9c0b5949b9e386080ad8b1ecaefe114b945064f9e35ae6db478fbfe19f066e95c00d10a37132f1afc270e481551a8693b6f56a98849867bcd6ed6e36688300fc732cc954a7fce5b282bc2b8236085c7af4814a2c461f5ff5c304b3eff94b9f8c87be7f1bcec00cbb033ac1c46a9cabbd11b3d8dd6b20329c36d1ce0b9842cd6877037ebf95e970628b72f6f153a114b0557b4026e0c8e09c04403fb8f8c9d720718649c77a0a93ac8f6ed426977802aa2c089386b981a38d29dabe455f90a4ef9cd27e07debf809482f29d78718cdfe505b638c107c4f443a38c178dbe7f69bd70ae02d7fa6f8c2bfbc087c6b7ecde558bc6227d2715c6acf3d1bb7240f63bf835f7fe15ea689d978c3076ebe783eedff05bb17b970e8c1f5674bad86f6e84cdce600263248f3bf2ed9de66ae73155d87c377ad7790733ddc7ab576dfbbf7a766bb5b78fe3e688d2d64794fe9ed9d2c0c60a0701d68bc906f81933fc66bb33c1efb1be8f61ae09038655fafce36faa06a03addc9c42627e25068d37cfe9e80c5b4195c61a057643a491196d908c1441f93251fb36b3c7f16bcc6ed25980f90c1ac225bf845d4f79f64cfc547f405328f64bfd01955f10cbb713fb58026ef8614e4784f28682220b9dc5ca5651a4e00a7a810237d4a9f856bb640295f367fa8e00abcade6173284105260ad1c4cb64eceeb6dd6f9cd2a24b493efe76eeb73ba9c831600887393736fe2c2e86ddae5cdb3db9bdd1667b56b46c0c0f7e87bf7cc5d6a82db060d438c6ed344fc154f83802854482df50c9d63b8df27a6a9122d7581365600d13fea27a2759a769c76a47280b995cf2657755e558623e48eaa3a6553ae030dc1d8775e60df2ac08bb7fc2541fbc25ab59ab57013e7937db1520fe205f6452b23a3bfc957756bcba1009c63be53625ff0c77717a807c4573349a61b3ecfc932553f162e80a78f5f78b2502a6831f0f0e6cd2f87b9334d9cd11fb338390572a87053f3537d15f29ebd62fda774cbeb10354f19ffb42e4776b5c9e3b963df01e2174e32eed077ef9b4685abdcf21606c7e777af",0,0,"2020-01-11 15:39:43.063089+05","1"
"\xd92f5ee0252ff003d254ace9cae0d35d0016b64533675474d8c705258b960d661ba62e45f8ced0f7e0d13ff61b59d52b23b99e2f4535ac8a79a3d424befdbfef46176806d3ef1d2b956fb490eabd4b13b55e4e9bd952e16d0e0f00d16637aba6adf6f043a0aae170b7923731805a0a3fe9b652345df3cd6aefe7621f1619920ab281e86e05f71b8b8fb4229e5656352822441b34f203be04c17e6a7be6921c06bc2faf4f9d0a8d8689268c892f2e9e334d71124e0d19a1ede255eec46db94790b1afcd8406ee89ff6cd44ec7719bb7c6c3286c837269678912b1ac7109ca2d2d12547089720f967b65ba260b7491f7b51629f079899ab4b4c767daad58bbed2568ded21eb671091a0957d0d2a594074b7b063f96b22c58dacbdedfd21457803b71a5656f67096b658a299414bf2c3820acbba70e8accabdac0d8f1b3df50cf68d0dc617efad3c024fd7928fe18304535d7c858cad70de5b96c9fa6ce2e94555463e908a63b89f7d1cd54e1d14647cd03989379811bd9da1828be548ff7545a5b99b898ae436c5cb80887d0731cfa4e1cbf7426349fa81c2536039bc141fb493c75829f9facd28f00d4713acc33405097b43e2c65a93388431f442a53d7204c9210c3407637d79f267bd24c8552f725c79e672f7e41f6e45d830a5a2a3c30a127fff65fca486e66ded124a0668a60026798982afe3c13d30261007d19bbf8f94172c04d47623f636107e1e84681cfa6adcf352f3b4978c60ba7ad741a9dd5ce76ebe060a5d752aba83645337c1f983dbae1d3099cc0d208d9045b208ede5500f363f9142bd66a25ce15c79d645a534113ed093629003fa014740210049cf138683668b26d14395704939ba19973ca2a91d378501595cca7c84615f5e1ad041d26ee885cf46cb4d1eefbded03d04330dfe573f48bc3f67eeef18ecc4db3f678efc4c1ce8187af6af5984bf87a0bde8d78bffa4b287e0987de05fd0baeea8ef4fa0b9f440decfdcdfbcd00797166e22fc7065bb611fce22ffe6f73044c02367e426027d34061e452e30966ec26188715dbc0e23c7e7dfe01257fe2355021ec49e8f241c45de2406530f57370efe1c3bd10701c34be3e92fa13f728337543fdd034f902ebe765d05f7df63e78327d72f1c8cf43872f7ca079d6c828694f9a2de46c3b1a790bf71d5d59983dc5137ae63963fc3961ad4d2bd49d7f92cfa73167ab102d05c3d76dde96b2ff82097671f6e141a6fc208ece310c44db1ecd4f547a06b3151eed48bdcc3c8a31e3cf591c74a08c08d73e34411783a1b8e630fdbfe0b589a7810462192f5cb388c135502792a3f8ab552bbc242bfff74317303ee9e86817b73ecf265220d00a5e63901730cafaf42bcf818468847f5c67318f1b8e3d6b884a6c56324e9b9731da8fa9ec3f00c60105d5e12d39fa3e1151ed0b5122abe61e9a06bdd064d2c3f8edc1be3dad5f0423c5deb3ee63bddc90d79a07b876f8d5e4f1f08dff841e2babe0961d03471e527a526a0df54565f385148e4bca063367050bf9041dd9067829c6fb4e4f2edeb5934f5d3b786ccca03837e7932455d9e853245979fb0f0723fbff04641da3540951724b8223ea17760edde845c321c0e9dd843b42f9d8fce1fa1923cb84376bdf247cf61964857e830c9ef71e40cf05a8d4fbee0aa756b5f8365312597ee55c7e18dd904bc371bf0da993a370e5033c51bd7198e5fcf2e2fe93a9ae10f8bc76b1f8f39b15f87d7233d16357f1913b4f44694245cdf38aae3cf9c11d800ad3eb58c9d816dd0058cce81cbb3b18b87a9d86730350d1cbaf03fd2984945d0ec3d53f0ce0212b06c579a82784e63e5dca5e1838b1a894f5d771e4e9c0487acc92eada84c9efd3e064f897eb90fe9f76c127ec01b2de27cc114b4f67316edcd2f87599bf6e369f774e7f414cafd78da3f393cdec6ab6ef7f4949f6dc3eff106bdd5cf4e374f378f8fe8eaf464e368834be01f79767874ac9e71899dfedae1c91a5ef537d7fa6b7dbc3a3e39dcd9d94606fcb879ba7bd2efaaea18cdf1dad66eef84116e9f6ed2b3ad8dddcd93637e76bac3241c1ff536d68fb24463c53b877cb573c85750d95697aefabbf897df6e6d706d87c787db5bf476e790cb22599b5b876bdce2d39d2306dcdd5d5f3b3a5280fcec6477776b9bdab4737a78b443253676d68fb9e2b5d30df8cbd51d9d1cf7080b547bbcce987b1bbbebfcf650c8dfdac5bf78d53bd9150e1ef776d7b63789acc335fc235ce89f12096b6b3b87ea9962faf111fea5673bba8b4f8fb785bf7de80abadae9e25fe19634a97f7c7a2a4d47ae4ac76eed1e52671f1d6f1e6d12e60de4d61a9185cc17c0eec9d60ebd3ed93ad93aed0ba9ddd34deae2a3d3232529a77d9694fef1f1cec9169755c49ca4f2d63fed1f53e38ed7f12f71b07b02bc612c875b473dbeea77b91fd6ba876bfd3e91b5b37d74c224ec6c6c0b67b6b777767689c187dda38d63913210dcae92232610bafa787d4d48e80a819abf3b5ae4b7b68e8efb7d2579dca4c3fee6a690babedd3dde217c4787ebdb3d226bfb706be7e444aa0379649939eeb16c1d6df73677885bbddddeee765746dda9e2e5c9c6494f5d1d6e4ac79ef4f5a8630e9e1e9f6e32d13bba63b70e774ed644f2fa9baa1f36e8aa815201b452919393931d6ed32e48f52ed1df3f85a744f4f1ce767757d09c9c1e2b12fa87bb2c1f3b9beb226f47dd231a06c7c7fdee3173a67bd2556469524f152f7100c910ea6ded9e30b7760e37367b5c5d7fa7bbcd5db2d1dfd862e13fd939dcdc964edc6402fbddcdb535aa0e0880bf541d88c20911b3d5df14c9db060276b5349ef695006c33095b3b6b2cf2c7f0bb73a406c98e706be7f0947b16c6c6fa0691b001ad3b66013ed959136e75d754259ba0f6d695bca5eaf474533d1335d327c95301fbcc92fdc8fb985db4cbbc758618f8789f38831a209a4ed1098bf331d192510aa6837a0327768fc200cc2386ce9a7c52563b1cb483012644f03d9dc94617cbd6d2d27efe294c637fc58c229578acb2ca0060a9db5b5bdfd8dcdaded9ed833d3939fde5e9b3bffff7f3172f5fbdfe3f6fcece7ffdedf77ffcf37f96b8c8c81d7278b824d3435795cbf5c032cb0716253de929b4800e6146d54f9a5eabd5b21e5b4d5a4c9886d7cd7060b5554b5572ca0a54b262f55a2d9a3eeaf62d096930db8419ff6ca41725602216464dc6e987574da0a3d55a4def817bad56ae251a09b6e8676ed9ca8a3a8c8b634559fc807555931d0cda1ee22c7609355e5acb6850e290352b0782f771b380871643335c3838e8b6f8c14157af31f0834c2078986e82fbc54dcec3e9eb306e9a0b9ab43a45c5d5ba9d5eb1e47350a10ca6097bbedb6c1aab9e39a8d71414a08472ca5a522bb38c74b91cab3e8ccc80ada1fe3947f2ef463e16fa02faeba967a4f388a7a889b10bf184d7e43fd72c098dc3eba7dec8a542af684769dc74dbf906e382536eed59837c36e2c62fc3518623e95390b914897a2fabe85601012d701985791090b2224a8ff3fa319e0df8595ac888ecc68737e7ce15066125344b59bd12130271660d8c71bbff51d1c35e57eb654a9464ec95ab4419ad2a45ecd65c1246e1675a6563f23b09431c1c1088f5d34fd2ae3488fcc3816d88e8910f33c043ca52b43996c8f00707c26b782857298a0c8673672046c0ded7a0f9406a571f5a2d5d23d905254da3c82e356db1441c4fc76697ee956b03b6f03d2566496b30dd6669df402f57e992a91730e46adb1606a05e4c7b5bb820275a1ed8033f1c7ec0d5bcbc14a645d2a4905caff1c7c4324c57d5db4af888b952f03f95b78a68c5ddcb66961b2dd5f29c0419236bc5d2f173da9e515e40c354f7471006aecd99cc04bbbc4ccb7f4a0f08dec0fd949c7903fcfa32d16be0335eb53283bc1c06b0b34e67ccad9a2563a3ab71c13b99c5874e74fe0915426681e7a760104ff7edac0ea79512438783dd7a0386d950b78ba7b841cf6178fb6d36cd198abeb5a3ab817dd12e79417184f257144b8fed0bd91b00d87fc70528aa0283f4b1fb2cc8e779abca6827a57dd16ad70252e58b8132310ab621348db26aba7c596e648ecd8c3a841a90dbd025da84994b0e23ec77cbcc71f95d56e2d831256f2e08c1a204e11364bef24883103cd2cf8a6bc78b10c9701db0c79454ae5649ca6dbc016e2ea95401a36f17a24387aaeaf2d2fb442b6e5a1f554f36d8fab3d14e4ba6ba4c91c12b685995874b684168504adb2271a896f820068d025f344a9c835dfe1af34f9a460fac0461cad3b244aedf334ba919c08a654981a9b6abb466484cd2e3e56cea04355d7ff6baff52fa1e2133da021bf336082f74c5a6604a8196ae68a1f5d7c5140963fbca966449f306678d624fca1bc62b7ca3e20bd6c22827b90ce2275be83a619270ebb3058da48dafd6b313eba3641863b5dc3262736d72816afec2306a797a659d730133b204d2168711a5163bc1085fdf5a8d9c2ec949a456b3dcfbbc7e394c3dbff9aac400ae1057d391ccc2670cd6a7dccb740cd35343d1e4e1685138fc485353de816354590e4c1109867d75799901cf0b83513c9b6b59a88af2998cac3b390205c332e200abb40767f8e18ab20ba955d8fa1fd77bdb1809cde63497515851cbdc1a72a8f34c25b4f93851a55f9473297e7707bcde9d9fb95dcb8b85ac92019cdd96076e0ae5f490fa2c359e46d1566a2da383dee67ef43398cc68e5601d48522faee0d1d5137c7bb59c79318017037a31e0173c23478b93895735a376afdbee6d612aa82da9f757b8625200bc2a020e786a9f851b14e1865a3850db4774b239ffcf55a5bf84917feee8aa948acb01d5cc00b5594365ceced99f339826cb4bf5e1204668d13363608f432584424d26f70c3c3b7a67b7f92ca27d296e8e7743cf9c81a93fd31e3138d759781af206387a05397053000bae196532de1665ff659aed9197fe74d96c21f9cf80d78c8032b8fc102d1d259982ada2576924ae9438974a1c338b816c37fe1345ce680c113957f81e50b01691ed6caf96cc0c6ead8a6062a142d2e50f3383ace18a3e1e25f994a830db5579a3d9b52208eaae3407ed47bbf504dc72c600ff8303673597680f8202c667ada5fb4f91017dce2492c8f67d5ff5427e3c3be9abf9a26e00578c51132213cec96fb23400ed32c4a224d48efe75ce0caf02135db2590f75a8533337abcdae515acd5d7d67e0fa0b314841168733a5d53dc7d7b6019611ce3739da33fbd0a5444bc75ea1e0422429c892e8da994aa5d5306626e71b19bae8645591a50ae6c97a260b640bd246e0059ed153f501c039089fbd7cfdeb39a34454dc8ebccc81a3c10f54df7726ce27b5a1da5a570fb339c3f6c64e2a2cc523ccec9ee1c27502616fa479272fd4269c6ebed1596ec293d6fe5c6e3f13b86f289bbffc67c92665f2fc2f934e727cbf917c9afcfb5f22a187ff59128a096effcb0414a762df483e0dee3db478b26715b9f85dc705424306743136c4cfd9a5c9409af15d7e9487a88ea2481a611e63cd84c2ca82aad9837d44d304f00a277476036f6cb086f3a4d444966741e9dc436de4d0ec3d0a47ee42c3cd842eb0579eeb15c0af21d37c83f1573b577b995c69a17fae847e7b41c12e1d13564eb68dbee617c60634cc80609e138b4fa370728ed33005088333aa01abed5b69b21a10be8b",0,0,"2020-01-11 15:39:43.066362+05","1"
"\x89dd578b75580aac6277f8041b330893718d4e364acaaebbf2ed90796fb45d3947aa76f75aedde76b7dd6daf6d6eb697727bcd9716a9ddb0978bd76f1af47b53906ac4c5093014f6bcfacd149752116a1a672bb0c0c2384886e3e6eabb1fdf765776fb2ba7179fb76e57af5aadb9f374d180ad8ab0495a45fa1973a35a3e20b3d96baf89c05e95be5fd7ef07a5ef37e9fd9708931eaf85f0e956bbd7bd0bd28c8454a0bdba3b5ab3df2bb00e34d6eaad60bd2f1a6ab528d7be70f4d4225dffb21191dfc86d18303e9f71a1d5bed5d58a2c52cdf83941a3b987d6d7965736f30b163874a0ab90ae77dfa4001da0b24dbf76c1b55c0d5b5c14cf46be8acb5aba68ab2e1fa1a2cf8dfdfb5fabe717164bc30b6929cd37572eee817d61a9b1f2b98f994f36644fddf9218fb2555c7c5bd00334e96229308ff27a6f8884bdb0fc67b7dd167c20936ec05991555404ad4b7aac6aa14e9732243c9f0b59d2ae2ccd0a0965e1e5562ccdb78de2924ec96b33425cf23ad515651c586cbc2c70e465494fdc2e8a9e92d56a25414481bec75c95d4ffc3411a1f9f731ca5354ff0240352ce3e5c74c055c0a9ec9bfa7c6b9d90538125a138797dca399eef984da6e6f342e0f95a39fedcae089dad6ce5dc4ad3e91453835a337778063e8a316dd3d2dedf977b69f9237ff8c41fe535dec751abc63cb80be6a2af568a98b29ea3d5decfe0c0b7a203f89f969baee4c9957e329027037e12cd5be5bf9ab7ba3f98b7ac8f84e93d0fbd16cdfdbab4bacf241aefaef43bce2e1d18ef06fadd60ff7e138834bd002b9a8370beb12c4167895afad21347b9123534e2ce1f311d35bae03ea247e51b891ecdd949f4e80bb6123dcaec257a7487cd448f1e6237d1a3c6eda3cc7ea247f7d950f468c11d458feeb4a5e8d1a27b8a1ecddb5444adaddd56f428b7af884a3ca293e0597af08458dcdecc790e49683d3dfbed91998b05f74d359b68414bd53550af2ed343d67ee433d62caca33481489590297617a6d86a9ef9a8519e4b942fb39629539a56942fb2912982eac81d19dc823b6215ea2224c17845f7ea25d665bcc35b6131b614fe5f458d9ab6837ee599a2137ee4c9a3c6c4f9f49b79f41edc23656d2ad71e901b0e505e9085f282122816c1b144c0f11e0856151c1c2824d88329500c3e1b1deec74de4bd168a41784eb3429016630ec170a38af19c4305b3a2eb58eda104704eb3e2693936741788ad8010aa84920b6164669621dc408448fc0a73bf9e429303d8b6222014570f79ec7035633aa272ab8b58c8041c52126ec067b9192588993988d5de936e6713695e5d2daf1fa83729489f2fa7cff5e02f6047cd7437fc6bf8a0e41dd6416359a911756eee5b60403bc5ddced17091ea1da39c523e867279733568d6a3c2663cf5b24a15b9bf0adc97c13c46015f87dba71e89f12577d0ea5617daf2d48327e8d2e6f98456a5b762a535b75a600ec171187a98d1dc5c43ec7f561504cccd4bb8328b97944feaca43f597adc7733080885e7b18457dea212b86a0e7acee9ed23939d486ee49529d334529e5d3e305416fcf5218fe34ca14b1690c39046b774490e411aca708a606823ff7d33225c84c0c1b9a09898160ba70f9cd05986860fbd3287f2be3da509fb8f3633ebe4afee45f585209207c7c6018157583c5d4b5aad638bd1555a951adf18695625ab1f18a2d49b5e90693c35e7da5a5668ba481ca337ee1610a62d84ee5a2668ca77a68584ff5e8916c084e4df993b5b40f96ba4b9c372c2a8c614debced0aa3686a7bb4c09c3e47301a184e1979654fe31f597e11a2dfdb8a4f39697968ca465b3885291ca5bc97be3596d8987f3cbfcf8d84574b1f673da237eb0a87f064ec58d52e5390f2f7d0713ece50341cc8a367df133e9dbf47e05eff3404f4c886582b074a359f7a7efdbeab2975eae5dd472211d2f29230619c3f135b891f2630d1a3130ec6c37d7e2b58b9f7badf4e6a0977f6d30045e7779aca5edaec7de33b1f70ad87b26f69ec67e476e5399dbff07c35ad2b8372e01000d0a300d0a0d0a485454502f312e31203430302042616420526571756573740d0a5365727665723a206e67696e782f312e31342e310d0a446174653a205361742c203131204a616e20323032302031303a33393a343320474d540d0a436f6e74656e742d547970653a20746578742f68746d6c3b20636861727365743d7574662d380d0a436f6e74656e742d4c656e6774683a203137330d0a436f6e6e656374696f6e3a20636c6f73650d0a0d0a3c68746d6c3e0d0a3c686561643e3c7469746c653e3430302042616420526571756573743c2f7469746c653e3c2f686561643e0d0a3c626f6479206267636f6c6f723d227768697465223e0d0a3c63656e7465723e3c68313e3430302042616420526571756573743c2f68313e3c2f63656e7465723e0d0a3c68723e3c63656e7465723e6e67696e782f312e31342e313c2f63656e7465723e0d0a3c2f626f64793e0d0a3c2f68746d6c3e0d0a",0,0,"2020-01-11 15:39:43.069079+05","1"
"\x000000000000000000000000000000000000000000000000000000000000000000000000000000000000000000000000000000000000000000000000000000000000000000000000000000000000000000000000000000000000000000000000000000000000000000000000000000000000000000000000000000000000000000000000000000000000000000000000000000000000000000000000000000000000000000000000000000000000000000000000000000000000000000000000000000000000000000000000000000000000000000000000000000000000000000000000000000000000000000000000000000000000000000000000000000000000000000000000000000000000000000000000000000000000000000000000000000000000000000000000000000000000000000000000000000000000000000000000000000000000000000000000000000000000000000000000000000000000000000000000000000000000000000000000000000000000000000000000000000000000000000000000000000000000000000000000000000000000000000000000000000000000000000000000000000000000000000000000000000000000000000000000000000000000000000000000000000000000000000000000000000000000000000000000000000000000000000000000000000000000000000000000000000000000000000000000000000000000000000000000000000000000000000000000000000000000000000000000000000000000000000000000000000000000000000000000000000000000000000000000000000000000000000000000000000000000000000000000000000000000000000000000000000000000000000000000000000000000000000",0,0,"2020-01-11 15:39:43.135367+05","0"
"\x00000000000000000000000000000000000000000000000000000000000000000000000000000000000000000000000000000000000000000000000000000000000000000000000000000000000000000000000000000000000000000000000000000000000000000000000000000000000000000000000000000000000000000000000000000000000000000000000000000000000000000000000000000000000000000000000000000000000000000000000000000000000000000000000000000000000000000000000000000000000000000000000000000000000000000000000000000000000000000000000000",0,0,"2020-01-11 15:42:07.644524+05","0"
"\x485454502f312e3120343034204e6f7420466f756e640d0a5365727665723a206e67696e782f312e31342e310d0a446174653a205361742c203131204a616e20323032302031303a33393a343320474d540d0a436f6e74656e742d547970653a20746578742f68746d6c3b20636861727365743d69736f2d383835392d310d0a436f6e74656e742d4c656e6774683a203234340d0a436f6e6e656374696f6e3a206b6565702d616c6976650d0a0d0a3c21444f43545950452048544d4c205055424c494320222d2f2f494554462f2f4454442048544d4c20322e302f2f454e223e0a3c68746d6c3e3c686561643e0a3c7469746c653e343034204e6f7420466f756e643c2f7469746c653e0a3c2f686561643e3c626f64793e0a3c68313e4e6f7420466f756e643c2f68313e0a3c703e546865207265717565737465642055524c202f6f2d70686f72756d2f74656d706c617465732f6c696768747765696768742f696d616765732f6c6f676f2e67696620776173206e6f7420666f756e64206f6e2074686973207365727665722e3c2f703e0a3c2f626f64793e3c2f68746d6c3e0a485454502f312e31203430302042616420526571756573740d0a5365727665723a206e67696e782f312e31342e310d0a446174653a205361742c203131204a616e20323032302031303a33393a343320474d540d0a436f6e74656e742d547970653a20746578742f68746d6c3b20636861727365743d7574662d380d0a436f6e74656e742d4c656e6774683a203137330d0a436f6e6e656374696f6e3a20636c6f73650d0a0d0a3c68746d6c3e0d0a3c686561643e3c7469746c653e3430302042616420526571756573743c2f7469746c653e3c2f686561643e0d0a3c626f6479206267636f6c6f723d227768697465223e0d0a3c63656e7465723e3c68313e3430302042616420526571756573743c2f68313e3c2f63656e7465723e0d0a3c68723e3c63656e7465723e6e67696e782f312e31342e313c2f63656e7465723e0d0a3c2f626f64793e0d0a3c2f68746d6c3e0d0a",0,0,"2020-01-11 15:39:43.18481+05","1"
"\x000000000000000000000000000000000000000000000000000000000000000000000000000000000000000000000000000000000000000000000000000000000000000000000000000000000000000000000000000000000000000000000000000000000000000000000000000000000000000000000000000000000000000000000000000000000000000000000000000000000000000000000000000000000000000000000000000000000000000000000000000000000000000000000000000000000000000000000000000000000000000000000000000000000000000000000000000000000000000000000000000000000000000000000000000000000000000000000000000000000000000000000000000000000000000000000000000000000000000000000000000000000000000000000000000000000000000000000000000000000000000000000000000000000000000000000000000000000000000000000000000000000000000000000000000000000000000000000000000000000000000000000000000000",0,0,"2020-01-11 15:39:43.392113+05","0"
"\x000000000000000000000000000000000000000000000000000000000000000000000000000000000000000000000000000000000000000000000000000000000000000000000000000000000000000000000000000000000000000000000000000000000000000000000000000000000000000000000000000000000000000000000000000000000000000000000000000000000000000000000000000000000000000000000000000000000000000000000000000000000000000000000000000000000000000000000000000000000000000000000000000000000000000000000000000000000000000000000000000000000000000000000000000000000000000000000000000000000000000000000000000000000000000000000000000000000000000000000000000000000000000000000000000000000000000000000000000000000000000000000000000000000000000000000000000000000000000000000000000000000000000000000000000000000000000000000000000000000000000000000000000000000000000000000000000000000000000000000000000000000000000000000000000000000000000000000000000000000000000000000000000000000000000000000000000000000000000000000000000000000000000000000000000000000000000000000000000000000000000000000000000000000000000000000000000000000000000000000000000000000000000000000000000000000000000000000000000000000000000000000000000000000000000000000000000000000000000000000000000000000000000000000000000000000000",0,0,"2020-01-11 15:39:43.39394+05","0"
"\x485454502f312e3120323030204f4b0d0a5365727665723a206e67696e782f312e31342e310d0a446174653a205361742c203131204a616e20323032302031303a33393a343320474d540d0a436f6e74656e742d547970653a20746578742f6373730d0a436f6e74656e742d4c656e6774683a203832300d0a436f6e6e656374696f6e3a206b6565702d616c6976650d0a5365742d436f6f6b69653a2070686f72756d5f73657373696f6e5f73743d64656c657465643b20657870697265733d5468752c2030312d4a616e2d313937302030303a30303a303120474d543b20706174683d2f0d0a5365742d436f6f6b69653a2070686f72756d5f73657373696f6e5f76353d64656c657465643b20657870697265733d5468752c2030312d4a616e2d313937302030303a30303a303120474d543b20706174683d2f0d0a4c6173742d4d6f6469666965643a205475652c203236204e6f7620323031392031373a31313a3233202b303330300d0a43616368652d436f6e74726f6c3a206d61782d6167653d302c206e6f2d73746f72652c206e6f2d63616368652c206d7573742d726576616c69646174650d0a457870697265733a205361742c203131204a616e20323032302031303a33393a343320474d540d0a0d0a2f2a20646f6573206e6f74207573652074656d706c6174652076616c756573206f6e20707572706f7365202a2f0a2370686f72756d2023706f73742c202370686f72756d20237468726561642d6f7074696f6e732c202370686f72756d202e6e61762c202370686f72756d202e6d6573736167652d6f7074696f6e732c202370686f72756d202e6d6573736167652d6d6f6465726174696f6e207b0a646973706c61793a206e6f6e653b0a7d0a2370686f72756d206469762e67656e65726963207b0a6261636b67726f756e642d636f6c6f723a20236666666666663b0a626f726465723a2031707820736f6c696420233030303030303b0a7d0a2370686f72756d206469762e6d6573736167652d626f6479207b0a626f726465723a2031707820736f6c696420233030303030303b0a6261636b67726f756e643a207472616e73706172656e743b0a7d0a2370686f72756d206469762e6d6573736167652d626f6479206272207b0a636c6561723a626f74683b0a7d0a2370686f72756d207461626c652e6c697374207468207b0a6261636b67726f756e643a207472616e73706172656e743b0a636f6c6f723a20233030303030303b0a7d0a2370686f72756d207461626c652e6c6973742074642e63757272656e74207b0a6261636b67726f756e642d636f6c6f723a20236666666666663b0a7d0a2370686f72756d20612c2370686f72756d20613a686f766572207b0a636f6c6f723a20233030303030303b0a7d0a2f2a204164646564206279206d6f64756c652022736d696c657973222c2066696c6520226d6f64732f736d696c6579732f736d696c6579732e63737322202a2f0a2e6d6f645f736d696c6579735f696d67207b0a766572746963616c2d616c69676e3a206d6964646c653b0a6d617267696e3a203070782033707820307078203370783b0a626f726465723a206e6f6e653b0a7d0a2f2a204164646564206279206d6f64756c652022616e6e6f756e63656d656e7473222c2074656d706c6174652022616e6e6f756e63656d656e74733a3a63737322202a2f0a2370686f72756d207461626c652e616e6e6f756e63656d656e7473207b0a6d617267696e2d626f74746f6d3a20323070783b0a7d485454502f312e31203430302042616420526571756573740d0a5365727665723a206e67696e782f312e31342e310d0a446174653a205361742c203131204a616e20323032302031303a33393a343320474d540d0a436f6e74656e742d547970653a20746578742f68746d6c3b20636861727365743d7574662d380d0a436f6e74656e742d4c656e6774683a203137330d0a436f6e6e656374696f6e3a20636c6f73650d0a0d0a3c68746d6c3e0d0a3c686561643e3c7469746c653e3430302042616420526571756573743c2f7469746c653e3c2f686561643e0d0a3c626f6479206267636f6c6f723d227768697465223e0d0a3c63656e7465723e3c68313e3430302042616420526571756573743c2f68313e3c2f63656e7465723e0d0a3c68723e3c63656e7465723e6e67696e782f312e31342e313c2f63656e7465723e0d0a3c2f626f64793e0d0a3c2f68746d6c3e0d0a",0,0,"2020-01-11 15:39:43.395498+05","1"
"\x485454502f312e3120323030204f4b0d0a5365727665723a206e67696e782f312e31362e3120285562756e7475290d0a446174653a205361742c203131204a616e20323032302031303a33393a343320474d540d0a436f6e74656e742d547970653a20696d6167652f6769660d0a436f6e74656e742d4c656e6774683a203332300d0a436f6e6e656374696f6e3a206b6565702d616c6976650d0a582d506f77657265642d42793a205048502f352e362e34300d0a0d0a47494638376150001f00c200000099ffffffff000000ffffffff88000000000000000000002c0000000050001f000003fe08badcfe30ca49abbd38cbc115ef1ef875c3528e25949acd07a0e1eab2de4bdb3523de0f58cb2a9c0d981bde88a614d2713a0a5bc555948594cd9acb9e73048de9a440ae53672c06a7d5b11adb7de27c522d7acd1386cd5965964956d2c0543c577f225c692a624f336e8b8b1a8f909192939495968f568d5f7114049e9fa0a104963e64657b120401abacadada3944d5d77669daeb7ab9e979c7e398e15aab8afbaa46db46e13c1c201a0bbc681b5c9cbcccdc575b2a811cab7a29530c860a5c0c2a2b097e70fdbace5e6e8ee0aead4e5ef3d70e2b6c3ecf4cfd910dbec9ff605e9976e1d4062029324e1244ddec1847c083a5075b01a4468c85255b4280bf018c38ba4ec7d04093101003b200d0a",0,0,"2020-01-11 15:39:43.427545+05","1"
"\x485454502f312e31203430302042616420526571756573740d0a5365727665723a206e67696e782f312e31362e3120285562756e7475290d0a446174653a205361742c203131204a616e20323032302031303a33393a343320474d540d0a436f6e74656e742d547970653a20746578742f68746d6c0d0a436f6e74656e742d4c656e6774683a203136360d0a436f6e6e656374696f6e3a20636c6f73650d0a0d0a3c68746d6c3e0d0a3c686561643e3c7469746c653e3430302042616420526571756573743c2f7469746c653e3c2f686561643e0d0a3c626f64793e0d0a3c63656e7465723e3c68313e3430302042616420526571756573743c2f68313e3c2f63656e7465723e0d0a3c68723e3c63656e7465723e6e67696e782f312e31362e3120285562756e7475293c2f63656e7465723e0d0a3c2f626f64793e0d0a3c2f68746d6c3e0d0a",0,0,"2020-01-11 15:39:43.435919+05","1"
"\x00000000000000000000000000000000000000000000000000000000000000000000000000000000000000000000000000000000000000000000000000000000000000000000000000000000000000000000000000000000000000000000000000000000000000000000000000000000000000000000000000000000000000000000000000000000000000000000000000000000000000000000000000000000000000000000000000000000000000000000000000000000000000000000000000000000000000000000000000000000000000000000000000000000000000000000000000000000000000000000000000",0,0,"2020-01-11 15:42:05.853232+05","0"
"\x00000000000000000000000000000000000000000000000000000000000000000000000000000000000000000000000000000000000000000000000000000000000000000000000000000000000000000000000000000000000000000000000000000000000000000000000000000000000000000000000000000000000000000000000000000000000000000000000000000000000000000000000000000000000000000000000000000000000000000000000000000000000000000000000000000000000000000000000000000000000000000000000000000000000000000000000000000000000000000000000000",0,0,"2020-01-11 15:42:06.905932+05","0"
"\x00000000000000000000000000000000000000000000000000000000000000000000000000000000000000000000000000000000000000000000000000000000000000000000000000000000000000000000000000000000000000000000000000000000000000000000000000000000000000000000000000000000000000000000000000000000000000000000000000000000000000000000000000000000000000000000000000000000000000000000000000000000000000000000000000000000000000000000000000000000000000000000000000000000000000000000000000000000000000000000000000",0,0,"2020-01-11 15:42:08.255791+05","0"
"\x00000000000000000000000000000000000000000000000000000000000000000000000000000000000000000000000000000000000000000000000000000000000000000000000000000000000000000000000000000000000000000000000000000000000000000000000000000000000000000000000000000000000000000000000000000000000000000000000000000000000000000000000000000000000000000000000000000000000000000000000000000000000000000000000000000000000000000000000000000000000000000000000000000000000000000000000000000000000000000000000000",0,0,"2020-01-11 15:42:09.608446+05","0"
"\x000000000000000000000000000000000000000000000000000000000000000000000000000000000000000000000000000000000000000000000000000000000000000000000000000000000000000000000000000000000000000000000000000000000000000000000000000000000000000000000000000000000000000000000000000000000000000000000000000000000000000000000000000000000000000000000000000000000000000000000000000000000000000000000000000000000000000000000000000000000000000000000000000000000000000000000000000000000000000000000000000000000000000000000000000000000000000000000000000000000000000000000000000000000000000000000000000000000000000000000000000000000000000000000000000000000000000000000000000000",0,0,"2020-01-11 15:42:10.162908+05","0"
"\x485454502f312e3120323030204f4b0d0a436f6e74656e742d547970653a20746578742f706c61696e0d0a436f6e74656e742d4c656e6774683a20380d0a4c6173742d4d6f6469666965643a204d6f6e2c203135204d617920323031372031383a30343a343020474d540d0a455461673a20226165373830353835663439623934636531343434656237643238393036313233220d0a4163636570742d52616e6765733a2062797465730d0a5365727665723a20416d617a6f6e53330d0a582d416d7a2d43662d49643a2045304b372d6a3476346e416c36435131386e4a533374745a7070724253756a3265784e6c3365427579516651392d64417372315556673d3d0d0a43616368652d436f6e74726f6c3a206e6f2d63616368652c206e6f2d73746f72652c206d7573742d726576616c69646174650d0a446174653a205361742c203131204a616e20323032302031303a34323a313020474d540d0a436f6e6e656374696f6e3a206b6565702d616c6976650d0a0d0a737563636573730a",0,0,"2020-01-11 15:42:10.212085+05","1"
